signature,maxTargetSdk,publicAlternatives,trackingBug
|Landroid/bluetooth/BluetoothA2dp;->close()V|,||,||,||
|Landroid/bluetooth/BluetoothA2dp;->connect(Landroid/bluetooth/BluetoothDevice;)Z|,||,||,||
|Landroid/bluetooth/BluetoothA2dp;->disconnect(Landroid/bluetooth/BluetoothDevice;)Z|,||,||,||
|Landroid/bluetooth/BluetoothA2dp;->getActiveDevice()Landroid/bluetooth/BluetoothDevice;|,||,||,|171933273|
|Landroid/bluetooth/BluetoothA2dp;->getPriority(Landroid/bluetooth/BluetoothDevice;)I|,|28|,||,|115609023|
|Landroid/bluetooth/BluetoothA2dp;->setActiveDevice(Landroid/bluetooth/BluetoothDevice;)Z|,||,||,|171933273|
|Landroid/bluetooth/BluetoothA2dp;->stateToString(I)Ljava/lang/String;|,|28|,||,|115609023|
|Landroid/bluetooth/BluetoothA2dpSink;->disconnect(Landroid/bluetooth/BluetoothDevice;)Z|,|30|,||,|170729553|
|Landroid/bluetooth/BluetoothAdapter;->factoryReset()Z|,|30|,||,|170729553|
|Landroid/bluetooth/BluetoothAdapter;->getBluetoothManager()Landroid/bluetooth/IBluetoothManager;|,||,||,||
|Landroid/bluetooth/BluetoothAdapter;->getLeState()I|,||,|Use {@link #getState()} instead to determine whether you can use BLE & BT classic.|,||
|Landroid/bluetooth/BluetoothAdapter;->getUuids()[Landroid/os/ParcelUuid;|,||,||,||
|Landroid/bluetooth/BluetoothAdapter;->listenUsingEncryptedRfcommWithServiceRecord(Ljava/lang/String;Ljava/util/UUID;)Landroid/bluetooth/BluetoothServerSocket;|,|30|,||,|170729553|
|Landroid/bluetooth/BluetoothAdapter;->listenUsingRfcommOn(IZZ)Landroid/bluetooth/BluetoothServerSocket;|,||,||,||
|Landroid/bluetooth/BluetoothAdapter;->mService:Landroid/bluetooth/IBluetooth;|,||,||,||
|Landroid/bluetooth/BluetoothClass;-><init>(I)V|,|28|,||,|115609023|
|Landroid/bluetooth/BluetoothCodecConfig;-><init>(IIIIIJJJJ)V|,||,||,||
|Landroid/bluetooth/BluetoothDevice;-><init>(Landroid/os/Parcel;)V|,||,||,||
|Landroid/bluetooth/BluetoothDevice;-><init>(Ljava/lang/String;)V|,||,||,||
|Landroid/bluetooth/BluetoothDevice;->ACTION_SDP_RECORD:Ljava/lang/String;|,|30|,||,|170729553|
|Landroid/bluetooth/BluetoothDevice;->EXTRA_REASON:Ljava/lang/String;|,||,||,||
|Landroid/bluetooth/BluetoothDevice;->EXTRA_SDP_SEARCH_STATUS:Ljava/lang/String;|,|30|,||,|170729553|
|Landroid/bluetooth/BluetoothDevice;->connectGatt(Landroid/content/Context;ZLandroid/bluetooth/BluetoothGattCallback;IZILandroid/os/Handler;)Landroid/bluetooth/BluetoothGatt;|,|30|,||,|170729553|
|Landroid/bluetooth/BluetoothDevice;->convertPinToBytes(Ljava/lang/String;)[B|,||,||,||
|Landroid/bluetooth/BluetoothDevice;->createInsecureRfcommSocket(I)Landroid/bluetooth/BluetoothSocket;|,||,|Use {@link #createInsecureRfcommSocketToServiceRecord} instead.|,||
|Landroid/bluetooth/BluetoothDevice;->createRfcommSocket(I)Landroid/bluetooth/BluetoothSocket;|,||,||,||
|Landroid/bluetooth/BluetoothDevice;->createScoSocket()Landroid/bluetooth/BluetoothSocket;|,||,||,||
|Landroid/bluetooth/BluetoothGatt;->connect(Ljava/lang/Boolean;Landroid/bluetooth/BluetoothGattCallback;Landroid/os/Handler;)Z|,|30|,||,|170729553|
|Landroid/bluetooth/BluetoothGatt;->mAuthRetryState:I|,|28|,||,|115609023|
|Landroid/bluetooth/BluetoothGatt;->mAutoConnect:Z|,||,||,||
|Landroid/bluetooth/BluetoothGatt;->mCallback:Landroid/bluetooth/BluetoothGattCallback;|,||,||,||
|Landroid/bluetooth/BluetoothGatt;->mClientIf:I|,||,||,||
|Landroid/bluetooth/BluetoothGatt;->mDeviceBusy:Ljava/lang/Boolean;|,|30|,||,|170729553|
|Landroid/bluetooth/BluetoothGatt;->mService:Landroid/bluetooth/IBluetoothGatt;|,||,||,||
|Landroid/bluetooth/BluetoothGatt;->mTransport:I|,|30|,||,|170729553|
|Landroid/bluetooth/BluetoothGatt;->refresh()Z|,||,||,||
|Landroid/bluetooth/BluetoothGatt;->unregisterApp()V|,||,||,||
|Landroid/bluetooth/BluetoothGattCharacteristic;->mInstance:I|,||,||,||
|Landroid/bluetooth/BluetoothGattCharacteristic;->mService:Landroid/bluetooth/BluetoothGattService;|,||,||,||
|Landroid/bluetooth/BluetoothGattCharacteristic;->setKeySize(I)V|,||,||,||
|Landroid/bluetooth/BluetoothGattCharacteristic;->setService(Landroid/bluetooth/BluetoothGattService;)V|,||,||,||
|Landroid/bluetooth/BluetoothGattDescriptor;->mCharacteristic:Landroid/bluetooth/BluetoothGattCharacteristic;|,||,||,||
|Landroid/bluetooth/BluetoothGattDescriptor;->mInstance:I|,||,||,||
|Landroid/bluetooth/BluetoothGattDescriptor;->setCharacteristic(Landroid/bluetooth/BluetoothGattCharacteristic;)V|,||,||,||
|Landroid/bluetooth/BluetoothGattService;->mDevice:Landroid/bluetooth/BluetoothDevice;|,||,||,||
|Landroid/bluetooth/BluetoothGattService;->setAdvertisePreferred(Z)V|,|30|,||,|170729553|
|Landroid/bluetooth/BluetoothGattService;->setInstanceId(I)V|,||,||,||
|Landroid/bluetooth/BluetoothHeadset;->close()V|,||,||,||
|Landroid/bluetooth/BluetoothHeadset;->getActiveDevice()Landroid/bluetooth/BluetoothDevice;|,||,||,|171933273|
|Landroid/bluetooth/BluetoothHeadset;->getPriority(Landroid/bluetooth/BluetoothDevice;)I|,|30|,||,|170729553|
|Landroid/bluetooth/BluetoothHeadset;->isEnabled()Z|,||,||,||
|Landroid/bluetooth/BluetoothHeadset;->phoneStateChanged(IIILjava/lang/String;ILjava/lang/String;)V|,|30|,||,|170729553|
|Landroid/bluetooth/BluetoothHeadset;->setActiveDevice(Landroid/bluetooth/BluetoothDevice;)Z|,||,||,|171933273|
|Landroid/bluetooth/BluetoothHeadsetClient;->acceptCall(Landroid/bluetooth/BluetoothDevice;I)Z|,|30|,||,|170729553|
|Landroid/bluetooth/BluetoothHeadsetClient;->connect(Landroid/bluetooth/BluetoothDevice;)Z|,|30|,||,|170729553|
|Landroid/bluetooth/BluetoothHeadsetClient;->disconnect(Landroid/bluetooth/BluetoothDevice;)Z|,|30|,||,|170729553|
|Landroid/bluetooth/BluetoothHeadsetClient;->getAudioState(Landroid/bluetooth/BluetoothDevice;)I|,|30|,||,|170729553|
|Landroid/bluetooth/BluetoothHeadsetClient;->rejectCall(Landroid/bluetooth/BluetoothDevice;)Z|,|30|,||,|170729553|
|Landroid/bluetooth/BluetoothHeadsetClientCall;->getId()I|,|30|,||,|170729553|
|Landroid/bluetooth/BluetoothHeadsetClientCall;->getNumber()Ljava/lang/String;|,|30|,||,|170729553|
|Landroid/bluetooth/BluetoothHeadsetClientCall;->getState()I|,|30|,||,|170729553|
|Landroid/bluetooth/BluetoothHeadsetClientCall;->isMultiParty()Z|,|30|,||,|170729553|
|Landroid/bluetooth/BluetoothHeadsetClientCall;->isOutgoing()Z|,|30|,||,|170729553|
|Landroid/bluetooth/BluetoothHearingAid;->getActiveDevices()Ljava/util/List;|,|30|,||,|170729553|
|Landroid/bluetooth/BluetoothHearingAid;->setActiveDevice(Landroid/bluetooth/BluetoothDevice;)Z|,|30|,||,|170729553|
|Landroid/bluetooth/BluetoothMap;->disconnect(Landroid/bluetooth/BluetoothDevice;)Z|,|30|,||,|170729553|
|Landroid/bluetooth/BluetoothMapClient;->sendMessage(Landroid/bluetooth/BluetoothDevice;[Landroid/net/Uri;Ljava/lang/String;Landroid/app/PendingIntent;Landroid/app/PendingIntent;)Z|,|30|,||,|170729553|
|Landroid/bluetooth/BluetoothPan;-><init>(Landroid/content/Context;Landroid/bluetooth/BluetoothAdapter;)V|,||,||,||
|Landroid/bluetooth/BluetoothPan;->close()V|,||,||,||
|Landroid/bluetooth/BluetoothPan;->connect(Landroid/bluetooth/BluetoothDevice;)Z|,|30|,||,|170729553|
|Landroid/bluetooth/BluetoothPan;->disconnect(Landroid/bluetooth/BluetoothDevice;)Z|,||,||,||
|Landroid/bluetooth/BluetoothPan;->isEnabled()Z|,||,||,||
|Landroid/bluetooth/BluetoothPan;->isValidDevice(Landroid/bluetooth/BluetoothDevice;)Z|,||,||,||
|Landroid/bluetooth/BluetoothPan;->log(Ljava/lang/String;)V|,||,||,||
|Landroid/bluetooth/BluetoothPbap;->disconnect(Landroid/bluetooth/BluetoothDevice;)Z|,|30|,||,|170729553|
|Landroid/bluetooth/BluetoothProfile;->PRIORITY_AUTO_CONNECT:I|,|30|,||,|170729553|
|Landroid/bluetooth/BluetoothProfile;->PRIORITY_UNDEFINED:I|,||,||,||
|Landroid/bluetooth/BluetoothSap;->disconnect(Landroid/bluetooth/BluetoothDevice;)Z|,|30|,||,|170729553|
|Landroid/bluetooth/BluetoothServerSocket;->mSocket:Landroid/bluetooth/BluetoothSocket;|,||,|Use public {@link BluetoothServerSocket} API instead.|,||
|Landroid/bluetooth/BluetoothSocket;->EADDRINUSE:I|,|30|,||,|170729553|
|Landroid/bluetooth/BluetoothSocket;->mPfd:Landroid/os/ParcelFileDescriptor;|,||,|Use {@link BluetoothSocket} public API instead.|,||
|Landroid/bluetooth/BluetoothSocket;->mPort:I|,||,||,||
|Landroid/bluetooth/BluetoothSocket;->mSocket:Landroid/net/LocalSocket;|,||,||,||
|Landroid/bluetooth/BluetoothUuid;->is16BitUuid(Landroid/os/ParcelUuid;)Z|,||,||,||
|Landroid/bluetooth/BluetoothUuid;->is32BitUuid(Landroid/os/ParcelUuid;)Z|,||,||,||
|Landroid/bluetooth/le/ScanRecord;->parseFromBytes([B)Landroid/bluetooth/le/ScanRecord;|,||,||,||
|Lcom/android/bluetooth/flags/CustomFeatureFlags;->a2dpAidlEncodingInterval()Z|,||,||,||
|Lcom/android/bluetooth/flags/CustomFeatureFlags;->a2dpAsyncAllowLowLatency()Z|,||,||,||
|Lcom/android/bluetooth/flags/CustomFeatureFlags;->a2dpCheckLeaIsoChannel()Z|,||,||,||
|Lcom/android/bluetooth/flags/CustomFeatureFlags;->a2dpConcurrentSourceSink()Z|,||,||,||
|Lcom/android/bluetooth/flags/CustomFeatureFlags;->a2dpIgnoreStartedWhenResponder()Z|,||,||,||
|Lcom/android/bluetooth/flags/CustomFeatureFlags;->a2dpOffloadCodecExtensibility()Z|,||,||,||
|Lcom/android/bluetooth/flags/CustomFeatureFlags;->a2dpServiceLooper()Z|,||,||,||
|Lcom/android/bluetooth/flags/CustomFeatureFlags;->absVolumeSdpConflict()Z|,||,||,||
|Lcom/android/bluetooth/flags/CustomFeatureFlags;->airplaneModeXBleOn()Z|,||,||,||
|Lcom/android/bluetooth/flags/CustomFeatureFlags;->allowSwitchingHidAndHogp()Z|,||,||,||
|Lcom/android/bluetooth/flags/CustomFeatureFlags;->androidHeadtrackerService()Z|,||,||,||
|Lcom/android/bluetooth/flags/CustomFeatureFlags;->apiGetConnectionStateUsingIdentityAddress()Z|,||,||,||
|Lcom/android/bluetooth/flags/CustomFeatureFlags;->ashaAsrc()Z|,||,||,||
|Lcom/android/bluetooth/flags/CustomFeatureFlags;->ashaEncryptedL2cCoc()Z|,||,||,||
|Lcom/android/bluetooth/flags/CustomFeatureFlags;->asymmetricPhyForUnidirectionalCis()Z|,||,||,||
|Lcom/android/bluetooth/flags/CustomFeatureFlags;->audioPortBinderInheritRt()Z|,||,||,||
|Lcom/android/bluetooth/flags/CustomFeatureFlags;->audioRoutingCentralization()Z|,||,||,||
|Lcom/android/bluetooth/flags/CustomFeatureFlags;->autoConnectOnMultipleHfpWhenNoA2dpDevice()Z|,||,||,||
|Lcom/android/bluetooth/flags/CustomFeatureFlags;->autoOnFeature()Z|,||,||,||
|Lcom/android/bluetooth/flags/CustomFeatureFlags;->avdtpErrorCodes()Z|,||,||,||
|Lcom/android/bluetooth/flags/CustomFeatureFlags;->avoidStaticLoadingOfNative()Z|,||,||,||
|Lcom/android/bluetooth/flags/CustomFeatureFlags;->avrcpConnectA2dpDelayed()Z|,||,||,||
|Lcom/android/bluetooth/flags/CustomFeatureFlags;->avrcpSdpRecords()Z|,||,||,||
|Lcom/android/bluetooth/flags/CustomFeatureFlags;->bleCheckDataLengthOnLegacyAdvertising()Z|,||,||,||
|Lcom/android/bluetooth/flags/CustomFeatureFlags;->bleContextMapRemoveFix()Z|,||,||,||
|Lcom/android/bluetooth/flags/CustomFeatureFlags;->bleGattServerUseAddressTypeInConnection()Z|,||,||,||
|Lcom/android/bluetooth/flags/CustomFeatureFlags;->bleScanAdvMetricsRedesign()Z|,||,||,||
|Lcom/android/bluetooth/flags/CustomFeatureFlags;->bluetoothPowerTelemetry()Z|,||,||,||
|Lcom/android/bluetooth/flags/CustomFeatureFlags;->bondTransportAfterBondCancelFix()Z|,||,||,||
|Lcom/android/bluetooth/flags/CustomFeatureFlags;->breakUhidPollingEarly()Z|,||,||,||
|Lcom/android/bluetooth/flags/CustomFeatureFlags;->browsingRefactor()Z|,||,||,||
|Lcom/android/bluetooth/flags/CustomFeatureFlags;->btSocketApiL2capCid()Z|,||,||,||
|Lcom/android/bluetooth/flags/CustomFeatureFlags;->btSystemContextReport()Z|,||,||,||
|Lcom/android/bluetooth/flags/CustomFeatureFlags;->btaAgCmdBrsfAllowUint32()Z|,||,||,||
|Lcom/android/bluetooth/flags/CustomFeatureFlags;->btaAvSetconfigRejTypeConfusion()Z|,||,||,||
|Lcom/android/bluetooth/flags/CustomFeatureFlags;->btaAvUsePeerCodec()Z|,||,||,||
|Lcom/android/bluetooth/flags/CustomFeatureFlags;->btaDmDeferDeviceDiscoveryStateChangeUntilRnrComplete()Z|,||,||,||
|Lcom/android/bluetooth/flags/CustomFeatureFlags;->btaDmDiscoverBoth()Z|,||,||,||
|Lcom/android/bluetooth/flags/CustomFeatureFlags;->cancelPairingOnlyOnDisconnectedTransport()Z|,||,||,||
|Lcom/android/bluetooth/flags/CustomFeatureFlags;->channelSounding()Z|,||,||,||
|Lcom/android/bluetooth/flags/CustomFeatureFlags;->channelSoundingInStack()Z|,||,||,||
|Lcom/android/bluetooth/flags/CustomFeatureFlags;->cleanupLeOnlyDeviceType()Z|,||,||,||
|Lcom/android/bluetooth/flags/CustomFeatureFlags;->clearCollisionStateOnPairingComplete()Z|,||,||,||
|Lcom/android/bluetooth/flags/CustomFeatureFlags;->continueServiceDiscoveryWhenCancelDeviceDiscovery()Z|,||,||,||
|Lcom/android/bluetooth/flags/CustomFeatureFlags;->deviceIotConfigLogging()Z|,||,||,||
|Lcom/android/bluetooth/flags/CustomFeatureFlags;->doNotReplaceExistingCodWithUncategorizedCod()Z|,||,||,||
|Lcom/android/bluetooth/flags/CustomFeatureFlags;->dumpsysAcquireStackWhenExecuting()Z|,||,||,||
|Lcom/android/bluetooth/flags/CustomFeatureFlags;->enableHapByDefault()Z|,||,||,||
|Lcom/android/bluetooth/flags/CustomFeatureFlags;->enableSniffOffload()Z|,||,||,||
|Lcom/android/bluetooth/flags/CustomFeatureFlags;->encryptedAdvertisingData()Z|,||,||,||
|Lcom/android/bluetooth/flags/CustomFeatureFlags;->ensureValidAdvFlag()Z|,||,||,||
|Lcom/android/bluetooth/flags/CustomFeatureFlags;->enumerateGattErrors()Z|,||,||,||
|Lcom/android/bluetooth/flags/CustomFeatureFlags;->explicitKillFromSystemServer()Z|,||,||,||
|Lcom/android/bluetooth/flags/CustomFeatureFlags;->fallbackWhenWiredAudioDisconnected()Z|,||,||,||
|Lcom/android/bluetooth/flags/CustomFeatureFlags;->fastBindToApp()Z|,||,||,||
|Lcom/android/bluetooth/flags/CustomFeatureFlags;->fixHfpQual19()Z|,||,||,||
|Lcom/android/bluetooth/flags/CustomFeatureFlags;->fixLePairingPasskeyEntryBypass()Z|,||,||,||
|Lcom/android/bluetooth/flags/CustomFeatureFlags;->fixNonconnectableScannableAdvertisement()Z|,||,||,||
|Lcom/android/bluetooth/flags/CustomFeatureFlags;->flossSeparateHostPrivacyAndLlprivacy()Z|,||,||,||
|Lcom/android/bluetooth/flags/CustomFeatureFlags;->gattCleanupRestrictedHandles()Z|,||,||,||
|Lcom/android/bluetooth/flags/CustomFeatureFlags;->gattClientDynamicAllocation()Z|,||,||,||
|Lcom/android/bluetooth/flags/CustomFeatureFlags;->gattDropAclOnOutOfResourcesFix()Z|,||,||,||
|Lcom/android/bluetooth/flags/CustomFeatureFlags;->gattFixDeviceBusy()Z|,||,||,||
|Lcom/android/bluetooth/flags/CustomFeatureFlags;->gattFixMultipleDirectConnect()Z|,||,||,||
|Lcom/android/bluetooth/flags/CustomFeatureFlags;->gattReconnectOnBtOnFix()Z|,||,||,||
|Lcom/android/bluetooth/flags/CustomFeatureFlags;->gattRediscoverOnCanceled()Z|,||,||,||
|Lcom/android/bluetooth/flags/CustomFeatureFlags;->gdxDeviceDiscovery()Z|,||,||,||
|Lcom/android/bluetooth/flags/CustomFeatureFlags;->gdxServiceDiscovery()Z|,||,||,||
|Lcom/android/bluetooth/flags/CustomFeatureFlags;->getAddressTypeApi()Z|,||,||,||
|Lcom/android/bluetooth/flags/CustomFeatureFlags;->guestModeBond()Z|,||,||,||
|Lcom/android/bluetooth/flags/CustomFeatureFlags;->handleDeliverySendingFailureEvents()Z|,||,||,||
|Lcom/android/bluetooth/flags/CustomFeatureFlags;->headsetClientAmHfVolumeSymmetric()Z|,||,||,||
|Lcom/android/bluetooth/flags/CustomFeatureFlags;->headtrackerCodecCapability()Z|,||,||,||
|Lcom/android/bluetooth/flags/CustomFeatureFlags;->headtrackerSduSize()Z|,||,||,||
|Lcom/android/bluetooth/flags/CustomFeatureFlags;->hfpCodecAptxVoice()Z|,||,||,||
|Lcom/android/bluetooth/flags/CustomFeatureFlags;->hidReportQueuing()Z|,||,||,||
|Lcom/android/bluetooth/flags/CustomFeatureFlags;->higherL2capFlushThreshold()Z|,||,||,||
|Lcom/android/bluetooth/flags/CustomFeatureFlags;->identityAddressNullIfUnknown()Z|,||,||,||
|Lcom/android/bluetooth/flags/CustomFeatureFlags;->ignoreNotifyWhenAlreadyConnected()Z|,||,||,||
|Lcom/android/bluetooth/flags/CustomFeatureFlags;->isScoManagedByAudio()Z|,||,||,||
|Lcom/android/bluetooth/flags/CustomFeatureFlags;->keepHfpActiveDuringLeaudioHandover()Z|,||,||,||
|Lcom/android/bluetooth/flags/CustomFeatureFlags;->keepStoppedMediaBrowserService()Z|,||,||,||
|Lcom/android/bluetooth/flags/CustomFeatureFlags;->keyMissingAsOrderedBroadcast()Z|,||,||,||
|Lcom/android/bluetooth/flags/CustomFeatureFlags;->keyMissingBroadcast()Z|,||,||,||
|Lcom/android/bluetooth/flags/CustomFeatureFlags;->keyMissingClassicDevice()Z|,||,||,||
|Lcom/android/bluetooth/flags/CustomFeatureFlags;->killInsteadOfExit()Z|,||,||,||
|Lcom/android/bluetooth/flags/CustomFeatureFlags;->l2capLeDoNotAdjustMinInterval()Z|,||,||,||
|Lcom/android/bluetooth/flags/CustomFeatureFlags;->l2capPCcbCheckRewrite()Z|,||,||,||
|Lcom/android/bluetooth/flags/CustomFeatureFlags;->l2capTxCompleteCbInfo()Z|,||,||,||
|Lcom/android/bluetooth/flags/CustomFeatureFlags;->l2capUpdateExistingConnIntervalWithBaseInterval()Z|,||,||,||
|Lcom/android/bluetooth/flags/CustomFeatureFlags;->leAudioBaseEcosystemInterval()Z|,||,||,||
|Lcom/android/bluetooth/flags/CustomFeatureFlags;->leAudioSupportUnidirectionalVoiceAssistant()Z|,||,||,||
|Lcom/android/bluetooth/flags/CustomFeatureFlags;->lePeriodicScanningReassembler()Z|,||,||,||
|Lcom/android/bluetooth/flags/CustomFeatureFlags;->leScanFixRemoteException()Z|,||,||,||
|Lcom/android/bluetooth/flags/CustomFeatureFlags;->leScanUseAddressType()Z|,||,||,||
|Lcom/android/bluetooth/flags/CustomFeatureFlags;->leScanUseUidForImportance()Z|,||,||,||
|Lcom/android/bluetooth/flags/CustomFeatureFlags;->leaudioAddSamplingFrequencies()Z|,||,||,||
|Lcom/android/bluetooth/flags/CustomFeatureFlags;->leaudioAllowLeaudioOnlyDevices()Z|,||,||,||
|Lcom/android/bluetooth/flags/CustomFeatureFlags;->leaudioAllowedContextMask()Z|,||,||,||
|Lcom/android/bluetooth/flags/CustomFeatureFlags;->leaudioBigDependsOnAudioState()Z|,||,||,||
|Lcom/android/bluetooth/flags/CustomFeatureFlags;->leaudioBroadcastAssistantHandleCommandStatuses()Z|,||,||,||
|Lcom/android/bluetooth/flags/CustomFeatureFlags;->leaudioBroadcastAssistantPeripheralEntrustment()Z|,||,||,||
|Lcom/android/bluetooth/flags/CustomFeatureFlags;->leaudioBroadcastAudioHandoverPolicies()Z|,||,||,||
|Lcom/android/bluetooth/flags/CustomFeatureFlags;->leaudioBroadcastDestroyAfterTimeout()Z|,||,||,||
|Lcom/android/bluetooth/flags/CustomFeatureFlags;->leaudioBroadcastExtractPeriodicScannerFromStateMachine()Z|,||,||,||
|Lcom/android/bluetooth/flags/CustomFeatureFlags;->leaudioBroadcastFeatureSupport()Z|,||,||,||
|Lcom/android/bluetooth/flags/CustomFeatureFlags;->leaudioBroadcastMonitorSourceSyncStatus()Z|,||,||,||
|Lcom/android/bluetooth/flags/CustomFeatureFlags;->leaudioBroadcastUpdateMetadataCallback()Z|,||,||,||
|Lcom/android/bluetooth/flags/CustomFeatureFlags;->leaudioBroadcastVolumeControlForConnectedDevices()Z|,||,||,||
|Lcom/android/bluetooth/flags/CustomFeatureFlags;->leaudioBroadcastVolumeControlWithSetVolume()Z|,||,||,||
|Lcom/android/bluetooth/flags/CustomFeatureFlags;->leaudioCallStartScanDirectly()Z|,||,||,||
|Lcom/android/bluetooth/flags/CustomFeatureFlags;->leaudioCallbackOnGroupStreamStatus()Z|,||,||,||
|Lcom/android/bluetooth/flags/CustomFeatureFlags;->leaudioCodecConfigCallbackOrderFix()Z|,||,||,||
|Lcom/android/bluetooth/flags/CustomFeatureFlags;->leaudioDynamicSpatialAudio()Z|,||,||,||
|Lcom/android/bluetooth/flags/CustomFeatureFlags;->leaudioGettingActiveStateSupport()Z|,||,||,||
|Lcom/android/bluetooth/flags/CustomFeatureFlags;->leaudioHalClientAsrc()Z|,||,||,||
|Lcom/android/bluetooth/flags/CustomFeatureFlags;->leaudioMonoLocationErrata()Z|,||,||,||
|Lcom/android/bluetooth/flags/CustomFeatureFlags;->leaudioMulticodecAidlSupport()Z|,||,||,||
|Lcom/android/bluetooth/flags/CustomFeatureFlags;->leaudioMultipleVocsInstancesApi()Z|,||,||,||
|Lcom/android/bluetooth/flags/CustomFeatureFlags;->leaudioNoContextValidateStreamingRequest()Z|,||,||,||
|Lcom/android/bluetooth/flags/CustomFeatureFlags;->leaudioQuickLeaudioToggleSwitchFix()Z|,||,||,||
|Lcom/android/bluetooth/flags/CustomFeatureFlags;->leaudioResumeActiveAfterHfpHandover()Z|,||,||,||
|Lcom/android/bluetooth/flags/CustomFeatureFlags;->leaudioStartRequestStateMutexCheck()Z|,||,||,||
|Lcom/android/bluetooth/flags/CustomFeatureFlags;->leaudioStartStreamRaceFix()Z|,||,||,||
|Lcom/android/bluetooth/flags/CustomFeatureFlags;->leaudioSynchronizeStart()Z|,||,||,||
|Lcom/android/bluetooth/flags/CustomFeatureFlags;->leaudioUseAudioModeListener()Z|,||,||,||
|Lcom/android/bluetooth/flags/CustomFeatureFlags;->loadDidConfigFromSysprops()Z|,||,||,||
|Lcom/android/bluetooth/flags/CustomFeatureFlags;->maintainCallIndexAfterConference()Z|,||,||,||
|Lcom/android/bluetooth/flags/CustomFeatureFlags;->mapLimitNotification()Z|,||,||,||
|Lcom/android/bluetooth/flags/CustomFeatureFlags;->mcpAllowPlayWithoutActivePlayer()Z|,||,||,||
|Lcom/android/bluetooth/flags/CustomFeatureFlags;->metadataApiInactiveAudioDeviceUponConnection()Z|,||,||,||
|Lcom/android/bluetooth/flags/CustomFeatureFlags;->msftAddrTrackingQuirk()Z|,||,||,||
|Lcom/android/bluetooth/flags/CustomFeatureFlags;->nrpaNonConnectableAdv()Z|,||,||,||
|Lcom/android/bluetooth/flags/CustomFeatureFlags;->oppFixMultipleNotificationsIssues()Z|,||,||,||
|Lcom/android/bluetooth/flags/CustomFeatureFlags;->oppIgnoreContentObserverAfterServiceStop()Z|,||,||,||
|Lcom/android/bluetooth/flags/CustomFeatureFlags;->oppStartActivityDirectlyFromNotification()Z|,||,||,||
|Lcom/android/bluetooth/flags/CustomFeatureFlags;->overrideContextToSpecifyDeviceId()Z|,||,||,||
|Lcom/android/bluetooth/flags/CustomFeatureFlags;->pairingNameDiscoveryAddresssMismatch()Z|,||,||,||
|Lcom/android/bluetooth/flags/CustomFeatureFlags;->pairingOnUnknownTransport()Z|,||,||,||
|Lcom/android/bluetooth/flags/CustomFeatureFlags;->phyToNative()Z|,||,||,||
|Lcom/android/bluetooth/flags/CustomFeatureFlags;->pretendNetworkService()Z|,||,||,||
|Lcom/android/bluetooth/flags/CustomFeatureFlags;->preventHogpReconnectWhenConnected()Z|,||,||,||
|Lcom/android/bluetooth/flags/CustomFeatureFlags;->randomizeDeviceLevelMediaIds()Z|,||,||,||
|Lcom/android/bluetooth/flags/CustomFeatureFlags;->readModelNumFix()Z|,||,||,||
|Lcom/android/bluetooth/flags/CustomFeatureFlags;->removeAddressMapOnUnbond()Z|,||,||,||
|Lcom/android/bluetooth/flags/CustomFeatureFlags;->resetAfterCollision()Z|,||,||,||
|Lcom/android/bluetooth/flags/CustomFeatureFlags;->resetAgStateOnCollision()Z|,||,||,||
|Lcom/android/bluetooth/flags/CustomFeatureFlags;->respectBleScanSetting()Z|,||,||,||
|Lcom/android/bluetooth/flags/CustomFeatureFlags;->retryEscoWithZeroRetransmissionEffort()Z|,||,||,||
|Lcom/android/bluetooth/flags/CustomFeatureFlags;->rfcommAlwaysUseMitm()Z|,||,||,||
|Lcom/android/bluetooth/flags/CustomFeatureFlags;->rfcommBypassPostToMain()Z|,||,||,||
|Lcom/android/bluetooth/flags/CustomFeatureFlags;->rfcommPreventUnnecessaryCollisions()Z|,||,||,||
|Lcom/android/bluetooth/flags/CustomFeatureFlags;->rnrResetStateAtCancel()Z|,||,||,||
|Lcom/android/bluetooth/flags/CustomFeatureFlags;->rnrStoreDeviceType()Z|,||,||,||
|Lcom/android/bluetooth/flags/CustomFeatureFlags;->rnrValidatePageScanRepetitionMode()Z|,||,||,||
|Lcom/android/bluetooth/flags/CustomFeatureFlags;->runBleAudioTicksInWorkerThread()Z|,||,||,||
|Lcom/android/bluetooth/flags/CustomFeatureFlags;->runClockRecoveryInWorkerThread()Z|,||,||,||
|Lcom/android/bluetooth/flags/CustomFeatureFlags;->saveInitialHidConnectionPolicy()Z|,||,||,||
|Lcom/android/bluetooth/flags/CustomFeatureFlags;->scanManagerRefactor()Z|,||,||,||
|Lcom/android/bluetooth/flags/CustomFeatureFlags;->scanRecordManufacturerDataMerge()Z|,||,||,||
|Lcom/android/bluetooth/flags/CustomFeatureFlags;->secDontClearKeysOnEncryptionErr()Z|,||,||,||
|Lcom/android/bluetooth/flags/CustomFeatureFlags;->separateServiceAndDeviceDiscovery()Z|,||,||,||
|Lcom/android/bluetooth/flags/CustomFeatureFlags;->settingsCanControlHapPreset()Z|,||,||,||
|Lcom/android/bluetooth/flags/CustomFeatureFlags;->sinkAudioPolicyHandover()Z|,||,||,||
|Lcom/android/bluetooth/flags/CustomFeatureFlags;->skipUnknownRobustCaching()Z|,||,||,||
|Lcom/android/bluetooth/flags/CustomFeatureFlags;->splitSecState()Z|,||,||,||
|Lcom/android/bluetooth/flags/CustomFeatureFlags;->stackSdpDetectNilPropertyType()Z|,||,||,||
|Lcom/android/bluetooth/flags/CustomFeatureFlags;->stackSdpDisconnectWhenCancelInPendingState()Z|,||,||,||
|Lcom/android/bluetooth/flags/CustomFeatureFlags;->supportExclusiveManager()Z|,||,||,||
|Lcom/android/bluetooth/flags/CustomFeatureFlags;->supportMetadataDeviceTypesApis()Z|,||,||,||
|Lcom/android/bluetooth/flags/CustomFeatureFlags;->suppressHidRejectionBroadcast()Z|,||,||,||
|Lcom/android/bluetooth/flags/CustomFeatureFlags;->synchronousBtaSec()Z|,||,||,||
|Lcom/android/bluetooth/flags/CustomFeatureFlags;->systemServerMessenger()Z|,||,||,||
|Lcom/android/bluetooth/flags/CustomFeatureFlags;->temporaryPairingDeviceProperties()Z|,||,||,||
|Lcom/android/bluetooth/flags/CustomFeatureFlags;->uncachePlayerWhenBrowsedPlayerChanges()Z|,||,||,||
|Lcom/android/bluetooth/flags/CustomFeatureFlags;->unifiedConnectionManager()Z|,||,||,||
|Lcom/android/bluetooth/flags/CustomFeatureFlags;->unixFileSocketCreationFailure()Z|,||,||,||
|Lcom/android/bluetooth/flags/CustomFeatureFlags;->updateInquiryResultOnFlagChange()Z|,||,||,||
|Lcom/android/bluetooth/flags/CustomFeatureFlags;->useEntireMessageHandle()Z|,||,||,||
|Lcom/android/bluetooth/flags/CustomFeatureFlags;->useLeShimConnectionMapGuard()Z|,||,||,||
|Lcom/android/bluetooth/flags/CustomFeatureFlags;->useLocalOobExtendedCommand()Z|,||,||,||
|Lcom/android/bluetooth/flags/CustomFeatureFlags;->vcpMuteUnmute()Z|,||,||,||
|Lcom/android/bluetooth/flags/FeatureFlags;->a2dpAidlEncodingInterval()Z|,||,||,||
|Lcom/android/bluetooth/flags/FeatureFlags;->a2dpAsyncAllowLowLatency()Z|,||,||,||
|Lcom/android/bluetooth/flags/FeatureFlags;->a2dpCheckLeaIsoChannel()Z|,||,||,||
|Lcom/android/bluetooth/flags/FeatureFlags;->a2dpConcurrentSourceSink()Z|,||,||,||
|Lcom/android/bluetooth/flags/FeatureFlags;->a2dpIgnoreStartedWhenResponder()Z|,||,||,||
|Lcom/android/bluetooth/flags/FeatureFlags;->a2dpOffloadCodecExtensibility()Z|,||,||,||
|Lcom/android/bluetooth/flags/FeatureFlags;->a2dpServiceLooper()Z|,||,||,||
|Lcom/android/bluetooth/flags/FeatureFlags;->absVolumeSdpConflict()Z|,||,||,||
|Lcom/android/bluetooth/flags/FeatureFlags;->airplaneModeXBleOn()Z|,||,||,||
|Lcom/android/bluetooth/flags/FeatureFlags;->allowSwitchingHidAndHogp()Z|,||,||,||
|Lcom/android/bluetooth/flags/FeatureFlags;->androidHeadtrackerService()Z|,||,||,||
|Lcom/android/bluetooth/flags/FeatureFlags;->apiGetConnectionStateUsingIdentityAddress()Z|,||,||,||
|Lcom/android/bluetooth/flags/FeatureFlags;->ashaAsrc()Z|,||,||,||
|Lcom/android/bluetooth/flags/FeatureFlags;->ashaEncryptedL2cCoc()Z|,||,||,||
|Lcom/android/bluetooth/flags/FeatureFlags;->asymmetricPhyForUnidirectionalCis()Z|,||,||,||
|Lcom/android/bluetooth/flags/FeatureFlags;->audioPortBinderInheritRt()Z|,||,||,||
|Lcom/android/bluetooth/flags/FeatureFlags;->audioRoutingCentralization()Z|,||,||,||
|Lcom/android/bluetooth/flags/FeatureFlags;->autoConnectOnMultipleHfpWhenNoA2dpDevice()Z|,||,||,||
|Lcom/android/bluetooth/flags/FeatureFlags;->autoOnFeature()Z|,||,||,||
|Lcom/android/bluetooth/flags/FeatureFlags;->avdtpErrorCodes()Z|,||,||,||
|Lcom/android/bluetooth/flags/FeatureFlags;->avoidStaticLoadingOfNative()Z|,||,||,||
|Lcom/android/bluetooth/flags/FeatureFlags;->avrcpConnectA2dpDelayed()Z|,||,||,||
|Lcom/android/bluetooth/flags/FeatureFlags;->avrcpSdpRecords()Z|,||,||,||
|Lcom/android/bluetooth/flags/FeatureFlags;->bleCheckDataLengthOnLegacyAdvertising()Z|,||,||,||
|Lcom/android/bluetooth/flags/FeatureFlags;->bleContextMapRemoveFix()Z|,||,||,||
|Lcom/android/bluetooth/flags/FeatureFlags;->bleGattServerUseAddressTypeInConnection()Z|,||,||,||
|Lcom/android/bluetooth/flags/FeatureFlags;->bleScanAdvMetricsRedesign()Z|,||,||,||
|Lcom/android/bluetooth/flags/FeatureFlags;->bluetoothPowerTelemetry()Z|,||,||,||
|Lcom/android/bluetooth/flags/FeatureFlags;->bondTransportAfterBondCancelFix()Z|,||,||,||
|Lcom/android/bluetooth/flags/FeatureFlags;->breakUhidPollingEarly()Z|,||,||,||
|Lcom/android/bluetooth/flags/FeatureFlags;->browsingRefactor()Z|,||,||,||
|Lcom/android/bluetooth/flags/FeatureFlags;->btSocketApiL2capCid()Z|,||,||,||
|Lcom/android/bluetooth/flags/FeatureFlags;->btSystemContextReport()Z|,||,||,||
|Lcom/android/bluetooth/flags/FeatureFlags;->btaAgCmdBrsfAllowUint32()Z|,||,||,||
|Lcom/android/bluetooth/flags/FeatureFlags;->btaAvSetconfigRejTypeConfusion()Z|,||,||,||
|Lcom/android/bluetooth/flags/FeatureFlags;->btaAvUsePeerCodec()Z|,||,||,||
|Lcom/android/bluetooth/flags/FeatureFlags;->btaDmDeferDeviceDiscoveryStateChangeUntilRnrComplete()Z|,||,||,||
|Lcom/android/bluetooth/flags/FeatureFlags;->btaDmDiscoverBoth()Z|,||,||,||
|Lcom/android/bluetooth/flags/FeatureFlags;->cancelPairingOnlyOnDisconnectedTransport()Z|,||,||,||
|Lcom/android/bluetooth/flags/FeatureFlags;->channelSounding()Z|,||,||,||
|Lcom/android/bluetooth/flags/FeatureFlags;->channelSoundingInStack()Z|,||,||,||
|Lcom/android/bluetooth/flags/FeatureFlags;->cleanupLeOnlyDeviceType()Z|,||,||,||
|Lcom/android/bluetooth/flags/FeatureFlags;->clearCollisionStateOnPairingComplete()Z|,||,||,||
|Lcom/android/bluetooth/flags/FeatureFlags;->continueServiceDiscoveryWhenCancelDeviceDiscovery()Z|,||,||,||
|Lcom/android/bluetooth/flags/FeatureFlags;->deviceIotConfigLogging()Z|,||,||,||
|Lcom/android/bluetooth/flags/FeatureFlags;->doNotReplaceExistingCodWithUncategorizedCod()Z|,||,||,||
|Lcom/android/bluetooth/flags/FeatureFlags;->dumpsysAcquireStackWhenExecuting()Z|,||,||,||
|Lcom/android/bluetooth/flags/FeatureFlags;->enableHapByDefault()Z|,||,||,||
|Lcom/android/bluetooth/flags/FeatureFlags;->enableSniffOffload()Z|,||,||,||
|Lcom/android/bluetooth/flags/FeatureFlags;->encryptedAdvertisingData()Z|,||,||,||
|Lcom/android/bluetooth/flags/FeatureFlags;->ensureValidAdvFlag()Z|,||,||,||
|Lcom/android/bluetooth/flags/FeatureFlags;->enumerateGattErrors()Z|,||,||,||
|Lcom/android/bluetooth/flags/FeatureFlags;->explicitKillFromSystemServer()Z|,||,||,||
|Lcom/android/bluetooth/flags/FeatureFlags;->fallbackWhenWiredAudioDisconnected()Z|,||,||,||
|Lcom/android/bluetooth/flags/FeatureFlags;->fastBindToApp()Z|,||,||,||
|Lcom/android/bluetooth/flags/FeatureFlags;->fixHfpQual19()Z|,||,||,||
|Lcom/android/bluetooth/flags/FeatureFlags;->fixLePairingPasskeyEntryBypass()Z|,||,||,||
|Lcom/android/bluetooth/flags/FeatureFlags;->fixNonconnectableScannableAdvertisement()Z|,||,||,||
|Lcom/android/bluetooth/flags/FeatureFlags;->flossSeparateHostPrivacyAndLlprivacy()Z|,||,||,||
|Lcom/android/bluetooth/flags/FeatureFlags;->gattCleanupRestrictedHandles()Z|,||,||,||
|Lcom/android/bluetooth/flags/FeatureFlags;->gattClientDynamicAllocation()Z|,||,||,||
|Lcom/android/bluetooth/flags/FeatureFlags;->gattDropAclOnOutOfResourcesFix()Z|,||,||,||
|Lcom/android/bluetooth/flags/FeatureFlags;->gattFixDeviceBusy()Z|,||,||,||
|Lcom/android/bluetooth/flags/FeatureFlags;->gattFixMultipleDirectConnect()Z|,||,||,||
|Lcom/android/bluetooth/flags/FeatureFlags;->gattReconnectOnBtOnFix()Z|,||,||,||
|Lcom/android/bluetooth/flags/FeatureFlags;->gattRediscoverOnCanceled()Z|,||,||,||
|Lcom/android/bluetooth/flags/FeatureFlags;->gdxDeviceDiscovery()Z|,||,||,||
|Lcom/android/bluetooth/flags/FeatureFlags;->gdxServiceDiscovery()Z|,||,||,||
|Lcom/android/bluetooth/flags/FeatureFlags;->getAddressTypeApi()Z|,||,||,||
|Lcom/android/bluetooth/flags/FeatureFlags;->guestModeBond()Z|,||,||,||
|Lcom/android/bluetooth/flags/FeatureFlags;->handleDeliverySendingFailureEvents()Z|,||,||,||
|Lcom/android/bluetooth/flags/FeatureFlags;->headsetClientAmHfVolumeSymmetric()Z|,||,||,||
|Lcom/android/bluetooth/flags/FeatureFlags;->headtrackerCodecCapability()Z|,||,||,||
|Lcom/android/bluetooth/flags/FeatureFlags;->headtrackerSduSize()Z|,||,||,||
|Lcom/android/bluetooth/flags/FeatureFlags;->hfpCodecAptxVoice()Z|,||,||,||
|Lcom/android/bluetooth/flags/FeatureFlags;->hidReportQueuing()Z|,||,||,||
|Lcom/android/bluetooth/flags/FeatureFlags;->higherL2capFlushThreshold()Z|,||,||,||
|Lcom/android/bluetooth/flags/FeatureFlags;->identityAddressNullIfUnknown()Z|,||,||,||
|Lcom/android/bluetooth/flags/FeatureFlags;->ignoreNotifyWhenAlreadyConnected()Z|,||,||,||
|Lcom/android/bluetooth/flags/FeatureFlags;->isScoManagedByAudio()Z|,||,||,||
|Lcom/android/bluetooth/flags/FeatureFlags;->keepHfpActiveDuringLeaudioHandover()Z|,||,||,||
|Lcom/android/bluetooth/flags/FeatureFlags;->keepStoppedMediaBrowserService()Z|,||,||,||
|Lcom/android/bluetooth/flags/FeatureFlags;->keyMissingAsOrderedBroadcast()Z|,||,||,||
|Lcom/android/bluetooth/flags/FeatureFlags;->keyMissingBroadcast()Z|,||,||,||
|Lcom/android/bluetooth/flags/FeatureFlags;->keyMissingClassicDevice()Z|,||,||,||
|Lcom/android/bluetooth/flags/FeatureFlags;->killInsteadOfExit()Z|,||,||,||
|Lcom/android/bluetooth/flags/FeatureFlags;->l2capLeDoNotAdjustMinInterval()Z|,||,||,||
|Lcom/android/bluetooth/flags/FeatureFlags;->l2capPCcbCheckRewrite()Z|,||,||,||
|Lcom/android/bluetooth/flags/FeatureFlags;->l2capTxCompleteCbInfo()Z|,||,||,||
|Lcom/android/bluetooth/flags/FeatureFlags;->l2capUpdateExistingConnIntervalWithBaseInterval()Z|,||,||,||
|Lcom/android/bluetooth/flags/FeatureFlags;->leAudioBaseEcosystemInterval()Z|,||,||,||
|Lcom/android/bluetooth/flags/FeatureFlags;->leAudioSupportUnidirectionalVoiceAssistant()Z|,||,||,||
|Lcom/android/bluetooth/flags/FeatureFlags;->lePeriodicScanningReassembler()Z|,||,||,||
|Lcom/android/bluetooth/flags/FeatureFlags;->leScanFixRemoteException()Z|,||,||,||
|Lcom/android/bluetooth/flags/FeatureFlags;->leScanUseAddressType()Z|,||,||,||
|Lcom/android/bluetooth/flags/FeatureFlags;->leScanUseUidForImportance()Z|,||,||,||
|Lcom/android/bluetooth/flags/FeatureFlags;->leaudioAddSamplingFrequencies()Z|,||,||,||
|Lcom/android/bluetooth/flags/FeatureFlags;->leaudioAllowLeaudioOnlyDevices()Z|,||,||,||
|Lcom/android/bluetooth/flags/FeatureFlags;->leaudioAllowedContextMask()Z|,||,||,||
|Lcom/android/bluetooth/flags/FeatureFlags;->leaudioBigDependsOnAudioState()Z|,||,||,||
|Lcom/android/bluetooth/flags/FeatureFlags;->leaudioBroadcastAssistantHandleCommandStatuses()Z|,||,||,||
|Lcom/android/bluetooth/flags/FeatureFlags;->leaudioBroadcastAssistantPeripheralEntrustment()Z|,||,||,||
|Lcom/android/bluetooth/flags/FeatureFlags;->leaudioBroadcastAudioHandoverPolicies()Z|,||,||,||
|Lcom/android/bluetooth/flags/FeatureFlags;->leaudioBroadcastDestroyAfterTimeout()Z|,||,||,||
|Lcom/android/bluetooth/flags/FeatureFlags;->leaudioBroadcastExtractPeriodicScannerFromStateMachine()Z|,||,||,||
|Lcom/android/bluetooth/flags/FeatureFlags;->leaudioBroadcastFeatureSupport()Z|,||,||,||
|Lcom/android/bluetooth/flags/FeatureFlags;->leaudioBroadcastMonitorSourceSyncStatus()Z|,||,||,||
|Lcom/android/bluetooth/flags/FeatureFlags;->leaudioBroadcastUpdateMetadataCallback()Z|,||,||,||
|Lcom/android/bluetooth/flags/FeatureFlags;->leaudioBroadcastVolumeControlForConnectedDevices()Z|,||,||,||
|Lcom/android/bluetooth/flags/FeatureFlags;->leaudioBroadcastVolumeControlWithSetVolume()Z|,||,||,||
|Lcom/android/bluetooth/flags/FeatureFlags;->leaudioCallStartScanDirectly()Z|,||,||,||
|Lcom/android/bluetooth/flags/FeatureFlags;->leaudioCallbackOnGroupStreamStatus()Z|,||,||,||
|Lcom/android/bluetooth/flags/FeatureFlags;->leaudioCodecConfigCallbackOrderFix()Z|,||,||,||
|Lcom/android/bluetooth/flags/FeatureFlags;->leaudioDynamicSpatialAudio()Z|,||,||,||
|Lcom/android/bluetooth/flags/FeatureFlags;->leaudioGettingActiveStateSupport()Z|,||,||,||
|Lcom/android/bluetooth/flags/FeatureFlags;->leaudioHalClientAsrc()Z|,||,||,||
|Lcom/android/bluetooth/flags/FeatureFlags;->leaudioMonoLocationErrata()Z|,||,||,||
|Lcom/android/bluetooth/flags/FeatureFlags;->leaudioMulticodecAidlSupport()Z|,||,||,||
|Lcom/android/bluetooth/flags/FeatureFlags;->leaudioMultipleVocsInstancesApi()Z|,||,||,||
|Lcom/android/bluetooth/flags/FeatureFlags;->leaudioNoContextValidateStreamingRequest()Z|,||,||,||
|Lcom/android/bluetooth/flags/FeatureFlags;->leaudioQuickLeaudioToggleSwitchFix()Z|,||,||,||
|Lcom/android/bluetooth/flags/FeatureFlags;->leaudioResumeActiveAfterHfpHandover()Z|,||,||,||
|Lcom/android/bluetooth/flags/FeatureFlags;->leaudioStartRequestStateMutexCheck()Z|,||,||,||
|Lcom/android/bluetooth/flags/FeatureFlags;->leaudioStartStreamRaceFix()Z|,||,||,||
|Lcom/android/bluetooth/flags/FeatureFlags;->leaudioSynchronizeStart()Z|,||,||,||
|Lcom/android/bluetooth/flags/FeatureFlags;->leaudioUseAudioModeListener()Z|,||,||,||
|Lcom/android/bluetooth/flags/FeatureFlags;->loadDidConfigFromSysprops()Z|,||,||,||
|Lcom/android/bluetooth/flags/FeatureFlags;->maintainCallIndexAfterConference()Z|,||,||,||
|Lcom/android/bluetooth/flags/FeatureFlags;->mapLimitNotification()Z|,||,||,||
|Lcom/android/bluetooth/flags/FeatureFlags;->mcpAllowPlayWithoutActivePlayer()Z|,||,||,||
|Lcom/android/bluetooth/flags/FeatureFlags;->metadataApiInactiveAudioDeviceUponConnection()Z|,||,||,||
|Lcom/android/bluetooth/flags/FeatureFlags;->msftAddrTrackingQuirk()Z|,||,||,||
|Lcom/android/bluetooth/flags/FeatureFlags;->nrpaNonConnectableAdv()Z|,||,||,||
|Lcom/android/bluetooth/flags/FeatureFlags;->oppFixMultipleNotificationsIssues()Z|,||,||,||
|Lcom/android/bluetooth/flags/FeatureFlags;->oppIgnoreContentObserverAfterServiceStop()Z|,||,||,||
|Lcom/android/bluetooth/flags/FeatureFlags;->oppStartActivityDirectlyFromNotification()Z|,||,||,||
|Lcom/android/bluetooth/flags/FeatureFlags;->overrideContextToSpecifyDeviceId()Z|,||,||,||
|Lcom/android/bluetooth/flags/FeatureFlags;->pairingNameDiscoveryAddresssMismatch()Z|,||,||,||
|Lcom/android/bluetooth/flags/FeatureFlags;->pairingOnUnknownTransport()Z|,||,||,||
|Lcom/android/bluetooth/flags/FeatureFlags;->phyToNative()Z|,||,||,||
|Lcom/android/bluetooth/flags/FeatureFlags;->pretendNetworkService()Z|,||,||,||
|Lcom/android/bluetooth/flags/FeatureFlags;->preventHogpReconnectWhenConnected()Z|,||,||,||
|Lcom/android/bluetooth/flags/FeatureFlags;->randomizeDeviceLevelMediaIds()Z|,||,||,||
|Lcom/android/bluetooth/flags/FeatureFlags;->readModelNumFix()Z|,||,||,||
|Lcom/android/bluetooth/flags/FeatureFlags;->removeAddressMapOnUnbond()Z|,||,||,||
|Lcom/android/bluetooth/flags/FeatureFlags;->resetAfterCollision()Z|,||,||,||
|Lcom/android/bluetooth/flags/FeatureFlags;->resetAgStateOnCollision()Z|,||,||,||
|Lcom/android/bluetooth/flags/FeatureFlags;->respectBleScanSetting()Z|,||,||,||
|Lcom/android/bluetooth/flags/FeatureFlags;->retryEscoWithZeroRetransmissionEffort()Z|,||,||,||
|Lcom/android/bluetooth/flags/FeatureFlags;->rfcommAlwaysUseMitm()Z|,||,||,||
|Lcom/android/bluetooth/flags/FeatureFlags;->rfcommBypassPostToMain()Z|,||,||,||
|Lcom/android/bluetooth/flags/FeatureFlags;->rfcommPreventUnnecessaryCollisions()Z|,||,||,||
|Lcom/android/bluetooth/flags/FeatureFlags;->rnrResetStateAtCancel()Z|,||,||,||
|Lcom/android/bluetooth/flags/FeatureFlags;->rnrStoreDeviceType()Z|,||,||,||
|Lcom/android/bluetooth/flags/FeatureFlags;->rnrValidatePageScanRepetitionMode()Z|,||,||,||
|Lcom/android/bluetooth/flags/FeatureFlags;->runBleAudioTicksInWorkerThread()Z|,||,||,||
|Lcom/android/bluetooth/flags/FeatureFlags;->runClockRecoveryInWorkerThread()Z|,||,||,||
|Lcom/android/bluetooth/flags/FeatureFlags;->saveInitialHidConnectionPolicy()Z|,||,||,||
|Lcom/android/bluetooth/flags/FeatureFlags;->scanManagerRefactor()Z|,||,||,||
|Lcom/android/bluetooth/flags/FeatureFlags;->scanRecordManufacturerDataMerge()Z|,||,||,||
|Lcom/android/bluetooth/flags/FeatureFlags;->secDontClearKeysOnEncryptionErr()Z|,||,||,||
|Lcom/android/bluetooth/flags/FeatureFlags;->separateServiceAndDeviceDiscovery()Z|,||,||,||
|Lcom/android/bluetooth/flags/FeatureFlags;->settingsCanControlHapPreset()Z|,||,||,||
|Lcom/android/bluetooth/flags/FeatureFlags;->sinkAudioPolicyHandover()Z|,||,||,||
|Lcom/android/bluetooth/flags/FeatureFlags;->skipUnknownRobustCaching()Z|,||,||,||
|Lcom/android/bluetooth/flags/FeatureFlags;->splitSecState()Z|,||,||,||
|Lcom/android/bluetooth/flags/FeatureFlags;->stackSdpDetectNilPropertyType()Z|,||,||,||
|Lcom/android/bluetooth/flags/FeatureFlags;->stackSdpDisconnectWhenCancelInPendingState()Z|,||,||,||
|Lcom/android/bluetooth/flags/FeatureFlags;->supportExclusiveManager()Z|,||,||,||
|Lcom/android/bluetooth/flags/FeatureFlags;->supportMetadataDeviceTypesApis()Z|,||,||,||
|Lcom/android/bluetooth/flags/FeatureFlags;->suppressHidRejectionBroadcast()Z|,||,||,||
|Lcom/android/bluetooth/flags/FeatureFlags;->synchronousBtaSec()Z|,||,||,||
|Lcom/android/bluetooth/flags/FeatureFlags;->systemServerMessenger()Z|,||,||,||
|Lcom/android/bluetooth/flags/FeatureFlags;->temporaryPairingDeviceProperties()Z|,||,||,||
|Lcom/android/bluetooth/flags/FeatureFlags;->uncachePlayerWhenBrowsedPlayerChanges()Z|,||,||,||
|Lcom/android/bluetooth/flags/FeatureFlags;->unifiedConnectionManager()Z|,||,||,||
|Lcom/android/bluetooth/flags/FeatureFlags;->unixFileSocketCreationFailure()Z|,||,||,||
|Lcom/android/bluetooth/flags/FeatureFlags;->updateInquiryResultOnFlagChange()Z|,||,||,||
|Lcom/android/bluetooth/flags/FeatureFlags;->useEntireMessageHandle()Z|,||,||,||
|Lcom/android/bluetooth/flags/FeatureFlags;->useLeShimConnectionMapGuard()Z|,||,||,||
|Lcom/android/bluetooth/flags/FeatureFlags;->useLocalOobExtendedCommand()Z|,||,||,||
|Lcom/android/bluetooth/flags/FeatureFlags;->vcpMuteUnmute()Z|,||,||,||
|Lcom/android/bluetooth/flags/FeatureFlagsImpl;->a2dpAidlEncodingInterval()Z|,||,||,||
|Lcom/android/bluetooth/flags/FeatureFlagsImpl;->a2dpAsyncAllowLowLatency()Z|,||,||,||
|Lcom/android/bluetooth/flags/FeatureFlagsImpl;->a2dpCheckLeaIsoChannel()Z|,||,||,||
|Lcom/android/bluetooth/flags/FeatureFlagsImpl;->a2dpConcurrentSourceSink()Z|,||,||,||
|Lcom/android/bluetooth/flags/FeatureFlagsImpl;->a2dpIgnoreStartedWhenResponder()Z|,||,||,||
|Lcom/android/bluetooth/flags/FeatureFlagsImpl;->a2dpOffloadCodecExtensibility()Z|,||,||,||
|Lcom/android/bluetooth/flags/FeatureFlagsImpl;->a2dpServiceLooper()Z|,||,||,||
|Lcom/android/bluetooth/flags/FeatureFlagsImpl;->absVolumeSdpConflict()Z|,||,||,||
|Lcom/android/bluetooth/flags/FeatureFlagsImpl;->airplaneModeXBleOn()Z|,||,||,||
|Lcom/android/bluetooth/flags/FeatureFlagsImpl;->allowSwitchingHidAndHogp()Z|,||,||,||
|Lcom/android/bluetooth/flags/FeatureFlagsImpl;->androidHeadtrackerService()Z|,||,||,||
|Lcom/android/bluetooth/flags/FeatureFlagsImpl;->apiGetConnectionStateUsingIdentityAddress()Z|,||,||,||
|Lcom/android/bluetooth/flags/FeatureFlagsImpl;->ashaAsrc()Z|,||,||,||
|Lcom/android/bluetooth/flags/FeatureFlagsImpl;->ashaEncryptedL2cCoc()Z|,||,||,||
|Lcom/android/bluetooth/flags/FeatureFlagsImpl;->asymmetricPhyForUnidirectionalCis()Z|,||,||,||
|Lcom/android/bluetooth/flags/FeatureFlagsImpl;->audioPortBinderInheritRt()Z|,||,||,||
|Lcom/android/bluetooth/flags/FeatureFlagsImpl;->audioRoutingCentralization()Z|,||,||,||
|Lcom/android/bluetooth/flags/FeatureFlagsImpl;->autoConnectOnMultipleHfpWhenNoA2dpDevice()Z|,||,||,||
|Lcom/android/bluetooth/flags/FeatureFlagsImpl;->autoOnFeature()Z|,||,||,||
|Lcom/android/bluetooth/flags/FeatureFlagsImpl;->avdtpErrorCodes()Z|,||,||,||
|Lcom/android/bluetooth/flags/FeatureFlagsImpl;->avoidStaticLoadingOfNative()Z|,||,||,||
|Lcom/android/bluetooth/flags/FeatureFlagsImpl;->avrcpConnectA2dpDelayed()Z|,||,||,||
|Lcom/android/bluetooth/flags/FeatureFlagsImpl;->avrcpSdpRecords()Z|,||,||,||
|Lcom/android/bluetooth/flags/FeatureFlagsImpl;->bleCheckDataLengthOnLegacyAdvertising()Z|,||,||,||
|Lcom/android/bluetooth/flags/FeatureFlagsImpl;->bleContextMapRemoveFix()Z|,||,||,||
|Lcom/android/bluetooth/flags/FeatureFlagsImpl;->bleGattServerUseAddressTypeInConnection()Z|,||,||,||
|Lcom/android/bluetooth/flags/FeatureFlagsImpl;->bleScanAdvMetricsRedesign()Z|,||,||,||
|Lcom/android/bluetooth/flags/FeatureFlagsImpl;->bluetoothPowerTelemetry()Z|,||,||,||
|Lcom/android/bluetooth/flags/FeatureFlagsImpl;->bondTransportAfterBondCancelFix()Z|,||,||,||
|Lcom/android/bluetooth/flags/FeatureFlagsImpl;->breakUhidPollingEarly()Z|,||,||,||
|Lcom/android/bluetooth/flags/FeatureFlagsImpl;->browsingRefactor()Z|,||,||,||
|Lcom/android/bluetooth/flags/FeatureFlagsImpl;->btSocketApiL2capCid()Z|,||,||,||
|Lcom/android/bluetooth/flags/FeatureFlagsImpl;->btSystemContextReport()Z|,||,||,||
|Lcom/android/bluetooth/flags/FeatureFlagsImpl;->btaAgCmdBrsfAllowUint32()Z|,||,||,||
|Lcom/android/bluetooth/flags/FeatureFlagsImpl;->btaAvSetconfigRejTypeConfusion()Z|,||,||,||
|Lcom/android/bluetooth/flags/FeatureFlagsImpl;->btaAvUsePeerCodec()Z|,||,||,||
|Lcom/android/bluetooth/flags/FeatureFlagsImpl;->btaDmDeferDeviceDiscoveryStateChangeUntilRnrComplete()Z|,||,||,||
|Lcom/android/bluetooth/flags/FeatureFlagsImpl;->btaDmDiscoverBoth()Z|,||,||,||
|Lcom/android/bluetooth/flags/FeatureFlagsImpl;->cancelPairingOnlyOnDisconnectedTransport()Z|,||,||,||
|Lcom/android/bluetooth/flags/FeatureFlagsImpl;->channelSounding()Z|,||,||,||
|Lcom/android/bluetooth/flags/FeatureFlagsImpl;->channelSoundingInStack()Z|,||,||,||
|Lcom/android/bluetooth/flags/FeatureFlagsImpl;->cleanupLeOnlyDeviceType()Z|,||,||,||
|Lcom/android/bluetooth/flags/FeatureFlagsImpl;->clearCollisionStateOnPairingComplete()Z|,||,||,||
|Lcom/android/bluetooth/flags/FeatureFlagsImpl;->continueServiceDiscoveryWhenCancelDeviceDiscovery()Z|,||,||,||
|Lcom/android/bluetooth/flags/FeatureFlagsImpl;->deviceIotConfigLogging()Z|,||,||,||
|Lcom/android/bluetooth/flags/FeatureFlagsImpl;->doNotReplaceExistingCodWithUncategorizedCod()Z|,||,||,||
|Lcom/android/bluetooth/flags/FeatureFlagsImpl;->dumpsysAcquireStackWhenExecuting()Z|,||,||,||
|Lcom/android/bluetooth/flags/FeatureFlagsImpl;->enableHapByDefault()Z|,||,||,||
|Lcom/android/bluetooth/flags/FeatureFlagsImpl;->enableSniffOffload()Z|,||,||,||
|Lcom/android/bluetooth/flags/FeatureFlagsImpl;->encryptedAdvertisingData()Z|,||,||,||
|Lcom/android/bluetooth/flags/FeatureFlagsImpl;->ensureValidAdvFlag()Z|,||,||,||
|Lcom/android/bluetooth/flags/FeatureFlagsImpl;->enumerateGattErrors()Z|,||,||,||
|Lcom/android/bluetooth/flags/FeatureFlagsImpl;->explicitKillFromSystemServer()Z|,||,||,||
|Lcom/android/bluetooth/flags/FeatureFlagsImpl;->fallbackWhenWiredAudioDisconnected()Z|,||,||,||
|Lcom/android/bluetooth/flags/FeatureFlagsImpl;->fastBindToApp()Z|,||,||,||
|Lcom/android/bluetooth/flags/FeatureFlagsImpl;->fixHfpQual19()Z|,||,||,||
|Lcom/android/bluetooth/flags/FeatureFlagsImpl;->fixLePairingPasskeyEntryBypass()Z|,||,||,||
|Lcom/android/bluetooth/flags/FeatureFlagsImpl;->fixNonconnectableScannableAdvertisement()Z|,||,||,||
|Lcom/android/bluetooth/flags/FeatureFlagsImpl;->flossSeparateHostPrivacyAndLlprivacy()Z|,||,||,||
|Lcom/android/bluetooth/flags/FeatureFlagsImpl;->gattCleanupRestrictedHandles()Z|,||,||,||
|Lcom/android/bluetooth/flags/FeatureFlagsImpl;->gattClientDynamicAllocation()Z|,||,||,||
|Lcom/android/bluetooth/flags/FeatureFlagsImpl;->gattDropAclOnOutOfResourcesFix()Z|,||,||,||
|Lcom/android/bluetooth/flags/FeatureFlagsImpl;->gattFixDeviceBusy()Z|,||,||,||
|Lcom/android/bluetooth/flags/FeatureFlagsImpl;->gattFixMultipleDirectConnect()Z|,||,||,||
|Lcom/android/bluetooth/flags/FeatureFlagsImpl;->gattReconnectOnBtOnFix()Z|,||,||,||
|Lcom/android/bluetooth/flags/FeatureFlagsImpl;->gattRediscoverOnCanceled()Z|,||,||,||
|Lcom/android/bluetooth/flags/FeatureFlagsImpl;->gdxDeviceDiscovery()Z|,||,||,||
|Lcom/android/bluetooth/flags/FeatureFlagsImpl;->gdxServiceDiscovery()Z|,||,||,||
|Lcom/android/bluetooth/flags/FeatureFlagsImpl;->getAddressTypeApi()Z|,||,||,||
|Lcom/android/bluetooth/flags/FeatureFlagsImpl;->guestModeBond()Z|,||,||,||
|Lcom/android/bluetooth/flags/FeatureFlagsImpl;->handleDeliverySendingFailureEvents()Z|,||,||,||
|Lcom/android/bluetooth/flags/FeatureFlagsImpl;->headsetClientAmHfVolumeSymmetric()Z|,||,||,||
|Lcom/android/bluetooth/flags/FeatureFlagsImpl;->headtrackerCodecCapability()Z|,||,||,||
|Lcom/android/bluetooth/flags/FeatureFlagsImpl;->headtrackerSduSize()Z|,||,||,||
|Lcom/android/bluetooth/flags/FeatureFlagsImpl;->hfpCodecAptxVoice()Z|,||,||,||
|Lcom/android/bluetooth/flags/FeatureFlagsImpl;->hidReportQueuing()Z|,||,||,||
|Lcom/android/bluetooth/flags/FeatureFlagsImpl;->higherL2capFlushThreshold()Z|,||,||,||
|Lcom/android/bluetooth/flags/FeatureFlagsImpl;->identityAddressNullIfUnknown()Z|,||,||,||
|Lcom/android/bluetooth/flags/FeatureFlagsImpl;->ignoreNotifyWhenAlreadyConnected()Z|,||,||,||
|Lcom/android/bluetooth/flags/FeatureFlagsImpl;->isScoManagedByAudio()Z|,||,||,||
|Lcom/android/bluetooth/flags/FeatureFlagsImpl;->keepHfpActiveDuringLeaudioHandover()Z|,||,||,||
|Lcom/android/bluetooth/flags/FeatureFlagsImpl;->keepStoppedMediaBrowserService()Z|,||,||,||
|Lcom/android/bluetooth/flags/FeatureFlagsImpl;->keyMissingAsOrderedBroadcast()Z|,||,||,||
|Lcom/android/bluetooth/flags/FeatureFlagsImpl;->keyMissingBroadcast()Z|,||,||,||
|Lcom/android/bluetooth/flags/FeatureFlagsImpl;->keyMissingClassicDevice()Z|,||,||,||
|Lcom/android/bluetooth/flags/FeatureFlagsImpl;->killInsteadOfExit()Z|,||,||,||
|Lcom/android/bluetooth/flags/FeatureFlagsImpl;->l2capLeDoNotAdjustMinInterval()Z|,||,||,||
|Lcom/android/bluetooth/flags/FeatureFlagsImpl;->l2capPCcbCheckRewrite()Z|,||,||,||
|Lcom/android/bluetooth/flags/FeatureFlagsImpl;->l2capTxCompleteCbInfo()Z|,||,||,||
|Lcom/android/bluetooth/flags/FeatureFlagsImpl;->l2capUpdateExistingConnIntervalWithBaseInterval()Z|,||,||,||
|Lcom/android/bluetooth/flags/FeatureFlagsImpl;->leAudioBaseEcosystemInterval()Z|,||,||,||
|Lcom/android/bluetooth/flags/FeatureFlagsImpl;->leAudioSupportUnidirectionalVoiceAssistant()Z|,||,||,||
|Lcom/android/bluetooth/flags/FeatureFlagsImpl;->lePeriodicScanningReassembler()Z|,||,||,||
|Lcom/android/bluetooth/flags/FeatureFlagsImpl;->leScanFixRemoteException()Z|,||,||,||
|Lcom/android/bluetooth/flags/FeatureFlagsImpl;->leScanUseAddressType()Z|,||,||,||
|Lcom/android/bluetooth/flags/FeatureFlagsImpl;->leScanUseUidForImportance()Z|,||,||,||
|Lcom/android/bluetooth/flags/FeatureFlagsImpl;->leaudioAddSamplingFrequencies()Z|,||,||,||
|Lcom/android/bluetooth/flags/FeatureFlagsImpl;->leaudioAllowLeaudioOnlyDevices()Z|,||,||,||
|Lcom/android/bluetooth/flags/FeatureFlagsImpl;->leaudioAllowedContextMask()Z|,||,||,||
|Lcom/android/bluetooth/flags/FeatureFlagsImpl;->leaudioBigDependsOnAudioState()Z|,||,||,||
|Lcom/android/bluetooth/flags/FeatureFlagsImpl;->leaudioBroadcastAssistantHandleCommandStatuses()Z|,||,||,||
|Lcom/android/bluetooth/flags/FeatureFlagsImpl;->leaudioBroadcastAssistantPeripheralEntrustment()Z|,||,||,||
|Lcom/android/bluetooth/flags/FeatureFlagsImpl;->leaudioBroadcastAudioHandoverPolicies()Z|,||,||,||
|Lcom/android/bluetooth/flags/FeatureFlagsImpl;->leaudioBroadcastDestroyAfterTimeout()Z|,||,||,||
|Lcom/android/bluetooth/flags/FeatureFlagsImpl;->leaudioBroadcastExtractPeriodicScannerFromStateMachine()Z|,||,||,||
|Lcom/android/bluetooth/flags/FeatureFlagsImpl;->leaudioBroadcastFeatureSupport()Z|,||,||,||
|Lcom/android/bluetooth/flags/FeatureFlagsImpl;->leaudioBroadcastMonitorSourceSyncStatus()Z|,||,||,||
|Lcom/android/bluetooth/flags/FeatureFlagsImpl;->leaudioBroadcastUpdateMetadataCallback()Z|,||,||,||
|Lcom/android/bluetooth/flags/FeatureFlagsImpl;->leaudioBroadcastVolumeControlForConnectedDevices()Z|,||,||,||
|Lcom/android/bluetooth/flags/FeatureFlagsImpl;->leaudioBroadcastVolumeControlWithSetVolume()Z|,||,||,||
|Lcom/android/bluetooth/flags/FeatureFlagsImpl;->leaudioCallStartScanDirectly()Z|,||,||,||
|Lcom/android/bluetooth/flags/FeatureFlagsImpl;->leaudioCallbackOnGroupStreamStatus()Z|,||,||,||
|Lcom/android/bluetooth/flags/FeatureFlagsImpl;->leaudioCodecConfigCallbackOrderFix()Z|,||,||,||
|Lcom/android/bluetooth/flags/FeatureFlagsImpl;->leaudioDynamicSpatialAudio()Z|,||,||,||
|Lcom/android/bluetooth/flags/FeatureFlagsImpl;->leaudioGettingActiveStateSupport()Z|,||,||,||
|Lcom/android/bluetooth/flags/FeatureFlagsImpl;->leaudioHalClientAsrc()Z|,||,||,||
|Lcom/android/bluetooth/flags/FeatureFlagsImpl;->leaudioMonoLocationErrata()Z|,||,||,||
|Lcom/android/bluetooth/flags/FeatureFlagsImpl;->leaudioMulticodecAidlSupport()Z|,||,||,||
|Lcom/android/bluetooth/flags/FeatureFlagsImpl;->leaudioMultipleVocsInstancesApi()Z|,||,||,||
|Lcom/android/bluetooth/flags/FeatureFlagsImpl;->leaudioNoContextValidateStreamingRequest()Z|,||,||,||
|Lcom/android/bluetooth/flags/FeatureFlagsImpl;->leaudioQuickLeaudioToggleSwitchFix()Z|,||,||,||
|Lcom/android/bluetooth/flags/FeatureFlagsImpl;->leaudioResumeActiveAfterHfpHandover()Z|,||,||,||
|Lcom/android/bluetooth/flags/FeatureFlagsImpl;->leaudioStartRequestStateMutexCheck()Z|,||,||,||
|Lcom/android/bluetooth/flags/FeatureFlagsImpl;->leaudioStartStreamRaceFix()Z|,||,||,||
|Lcom/android/bluetooth/flags/FeatureFlagsImpl;->leaudioSynchronizeStart()Z|,||,||,||
|Lcom/android/bluetooth/flags/FeatureFlagsImpl;->leaudioUseAudioModeListener()Z|,||,||,||
|Lcom/android/bluetooth/flags/FeatureFlagsImpl;->loadDidConfigFromSysprops()Z|,||,||,||
|Lcom/android/bluetooth/flags/FeatureFlagsImpl;->maintainCallIndexAfterConference()Z|,||,||,||
|Lcom/android/bluetooth/flags/FeatureFlagsImpl;->mapLimitNotification()Z|,||,||,||
|Lcom/android/bluetooth/flags/FeatureFlagsImpl;->mcpAllowPlayWithoutActivePlayer()Z|,||,||,||
|Lcom/android/bluetooth/flags/FeatureFlagsImpl;->metadataApiInactiveAudioDeviceUponConnection()Z|,||,||,||
|Lcom/android/bluetooth/flags/FeatureFlagsImpl;->msftAddrTrackingQuirk()Z|,||,||,||
|Lcom/android/bluetooth/flags/FeatureFlagsImpl;->nrpaNonConnectableAdv()Z|,||,||,||
|Lcom/android/bluetooth/flags/FeatureFlagsImpl;->oppFixMultipleNotificationsIssues()Z|,||,||,||
|Lcom/android/bluetooth/flags/FeatureFlagsImpl;->oppIgnoreContentObserverAfterServiceStop()Z|,||,||,||
|Lcom/android/bluetooth/flags/FeatureFlagsImpl;->oppStartActivityDirectlyFromNotification()Z|,||,||,||
|Lcom/android/bluetooth/flags/FeatureFlagsImpl;->overrideContextToSpecifyDeviceId()Z|,||,||,||
|Lcom/android/bluetooth/flags/FeatureFlagsImpl;->pairingNameDiscoveryAddresssMismatch()Z|,||,||,||
|Lcom/android/bluetooth/flags/FeatureFlagsImpl;->pairingOnUnknownTransport()Z|,||,||,||
|Lcom/android/bluetooth/flags/FeatureFlagsImpl;->phyToNative()Z|,||,||,||
|Lcom/android/bluetooth/flags/FeatureFlagsImpl;->pretendNetworkService()Z|,||,||,||
|Lcom/android/bluetooth/flags/FeatureFlagsImpl;->preventHogpReconnectWhenConnected()Z|,||,||,||
|Lcom/android/bluetooth/flags/FeatureFlagsImpl;->randomizeDeviceLevelMediaIds()Z|,||,||,||
|Lcom/android/bluetooth/flags/FeatureFlagsImpl;->readModelNumFix()Z|,||,||,||
|Lcom/android/bluetooth/flags/FeatureFlagsImpl;->removeAddressMapOnUnbond()Z|,||,||,||
|Lcom/android/bluetooth/flags/FeatureFlagsImpl;->resetAfterCollision()Z|,||,||,||
|Lcom/android/bluetooth/flags/FeatureFlagsImpl;->resetAgStateOnCollision()Z|,||,||,||
|Lcom/android/bluetooth/flags/FeatureFlagsImpl;->respectBleScanSetting()Z|,||,||,||
|Lcom/android/bluetooth/flags/FeatureFlagsImpl;->retryEscoWithZeroRetransmissionEffort()Z|,||,||,||
|Lcom/android/bluetooth/flags/FeatureFlagsImpl;->rfcommAlwaysUseMitm()Z|,||,||,||
|Lcom/android/bluetooth/flags/FeatureFlagsImpl;->rfcommBypassPostToMain()Z|,||,||,||
|Lcom/android/bluetooth/flags/FeatureFlagsImpl;->rfcommPreventUnnecessaryCollisions()Z|,||,||,||
|Lcom/android/bluetooth/flags/FeatureFlagsImpl;->rnrResetStateAtCancel()Z|,||,||,||
|Lcom/android/bluetooth/flags/FeatureFlagsImpl;->rnrStoreDeviceType()Z|,||,||,||
|Lcom/android/bluetooth/flags/FeatureFlagsImpl;->rnrValidatePageScanRepetitionMode()Z|,||,||,||
|Lcom/android/bluetooth/flags/FeatureFlagsImpl;->runBleAudioTicksInWorkerThread()Z|,||,||,||
|Lcom/android/bluetooth/flags/FeatureFlagsImpl;->runClockRecoveryInWorkerThread()Z|,||,||,||
|Lcom/android/bluetooth/flags/FeatureFlagsImpl;->saveInitialHidConnectionPolicy()Z|,||,||,||
|Lcom/android/bluetooth/flags/FeatureFlagsImpl;->scanManagerRefactor()Z|,||,||,||
|Lcom/android/bluetooth/flags/FeatureFlagsImpl;->scanRecordManufacturerDataMerge()Z|,||,||,||
|Lcom/android/bluetooth/flags/FeatureFlagsImpl;->secDontClearKeysOnEncryptionErr()Z|,||,||,||
|Lcom/android/bluetooth/flags/FeatureFlagsImpl;->separateServiceAndDeviceDiscovery()Z|,||,||,||
|Lcom/android/bluetooth/flags/FeatureFlagsImpl;->settingsCanControlHapPreset()Z|,||,||,||
|Lcom/android/bluetooth/flags/FeatureFlagsImpl;->sinkAudioPolicyHandover()Z|,||,||,||
|Lcom/android/bluetooth/flags/FeatureFlagsImpl;->skipUnknownRobustCaching()Z|,||,||,||
|Lcom/android/bluetooth/flags/FeatureFlagsImpl;->splitSecState()Z|,||,||,||
|Lcom/android/bluetooth/flags/FeatureFlagsImpl;->stackSdpDetectNilPropertyType()Z|,||,||,||
|Lcom/android/bluetooth/flags/FeatureFlagsImpl;->stackSdpDisconnectWhenCancelInPendingState()Z|,||,||,||
|Lcom/android/bluetooth/flags/FeatureFlagsImpl;->supportExclusiveManager()Z|,||,||,||
|Lcom/android/bluetooth/flags/FeatureFlagsImpl;->supportMetadataDeviceTypesApis()Z|,||,||,||
|Lcom/android/bluetooth/flags/FeatureFlagsImpl;->suppressHidRejectionBroadcast()Z|,||,||,||
|Lcom/android/bluetooth/flags/FeatureFlagsImpl;->synchronousBtaSec()Z|,||,||,||
|Lcom/android/bluetooth/flags/FeatureFlagsImpl;->systemServerMessenger()Z|,||,||,||
|Lcom/android/bluetooth/flags/FeatureFlagsImpl;->temporaryPairingDeviceProperties()Z|,||,||,||
|Lcom/android/bluetooth/flags/FeatureFlagsImpl;->uncachePlayerWhenBrowsedPlayerChanges()Z|,||,||,||
|Lcom/android/bluetooth/flags/FeatureFlagsImpl;->unifiedConnectionManager()Z|,||,||,||
|Lcom/android/bluetooth/flags/FeatureFlagsImpl;->unixFileSocketCreationFailure()Z|,||,||,||
|Lcom/android/bluetooth/flags/FeatureFlagsImpl;->updateInquiryResultOnFlagChange()Z|,||,||,||
|Lcom/android/bluetooth/flags/FeatureFlagsImpl;->useEntireMessageHandle()Z|,||,||,||
|Lcom/android/bluetooth/flags/FeatureFlagsImpl;->useLeShimConnectionMapGuard()Z|,||,||,||
|Lcom/android/bluetooth/flags/FeatureFlagsImpl;->useLocalOobExtendedCommand()Z|,||,||,||
|Lcom/android/bluetooth/flags/FeatureFlagsImpl;->vcpMuteUnmute()Z|,||,||,||
|Lcom/android/bluetooth/flags/Flags;->a2dpAidlEncodingInterval()Z|,||,||,||
|Lcom/android/bluetooth/flags/Flags;->a2dpAsyncAllowLowLatency()Z|,||,||,||
|Lcom/android/bluetooth/flags/Flags;->a2dpCheckLeaIsoChannel()Z|,||,||,||
|Lcom/android/bluetooth/flags/Flags;->a2dpConcurrentSourceSink()Z|,||,||,||
|Lcom/android/bluetooth/flags/Flags;->a2dpIgnoreStartedWhenResponder()Z|,||,||,||
|Lcom/android/bluetooth/flags/Flags;->a2dpOffloadCodecExtensibility()Z|,||,||,||
|Lcom/android/bluetooth/flags/Flags;->a2dpServiceLooper()Z|,||,||,||
|Lcom/android/bluetooth/flags/Flags;->absVolumeSdpConflict()Z|,||,||,||
|Lcom/android/bluetooth/flags/Flags;->airplaneModeXBleOn()Z|,||,||,||
|Lcom/android/bluetooth/flags/Flags;->allowSwitchingHidAndHogp()Z|,||,||,||
|Lcom/android/bluetooth/flags/Flags;->androidHeadtrackerService()Z|,||,||,||
|Lcom/android/bluetooth/flags/Flags;->apiGetConnectionStateUsingIdentityAddress()Z|,||,||,||
|Lcom/android/bluetooth/flags/Flags;->ashaAsrc()Z|,||,||,||
|Lcom/android/bluetooth/flags/Flags;->ashaEncryptedL2cCoc()Z|,||,||,||
|Lcom/android/bluetooth/flags/Flags;->asymmetricPhyForUnidirectionalCis()Z|,||,||,||
|Lcom/android/bluetooth/flags/Flags;->audioPortBinderInheritRt()Z|,||,||,||
|Lcom/android/bluetooth/flags/Flags;->audioRoutingCentralization()Z|,||,||,||
|Lcom/android/bluetooth/flags/Flags;->autoConnectOnMultipleHfpWhenNoA2dpDevice()Z|,||,||,||
|Lcom/android/bluetooth/flags/Flags;->autoOnFeature()Z|,||,||,||
|Lcom/android/bluetooth/flags/Flags;->avdtpErrorCodes()Z|,||,||,||
|Lcom/android/bluetooth/flags/Flags;->avoidStaticLoadingOfNative()Z|,||,||,||
|Lcom/android/bluetooth/flags/Flags;->avrcpConnectA2dpDelayed()Z|,||,||,||
|Lcom/android/bluetooth/flags/Flags;->avrcpSdpRecords()Z|,||,||,||
|Lcom/android/bluetooth/flags/Flags;->bleCheckDataLengthOnLegacyAdvertising()Z|,||,||,||
|Lcom/android/bluetooth/flags/Flags;->bleContextMapRemoveFix()Z|,||,||,||
|Lcom/android/bluetooth/flags/Flags;->bleGattServerUseAddressTypeInConnection()Z|,||,||,||
|Lcom/android/bluetooth/flags/Flags;->bleScanAdvMetricsRedesign()Z|,||,||,||
|Lcom/android/bluetooth/flags/Flags;->bluetoothPowerTelemetry()Z|,||,||,||
|Lcom/android/bluetooth/flags/Flags;->bondTransportAfterBondCancelFix()Z|,||,||,||
|Lcom/android/bluetooth/flags/Flags;->breakUhidPollingEarly()Z|,||,||,||
|Lcom/android/bluetooth/flags/Flags;->browsingRefactor()Z|,||,||,||
|Lcom/android/bluetooth/flags/Flags;->btSocketApiL2capCid()Z|,||,||,||
|Lcom/android/bluetooth/flags/Flags;->btSystemContextReport()Z|,||,||,||
|Lcom/android/bluetooth/flags/Flags;->btaAgCmdBrsfAllowUint32()Z|,||,||,||
|Lcom/android/bluetooth/flags/Flags;->btaAvSetconfigRejTypeConfusion()Z|,||,||,||
|Lcom/android/bluetooth/flags/Flags;->btaAvUsePeerCodec()Z|,||,||,||
|Lcom/android/bluetooth/flags/Flags;->btaDmDeferDeviceDiscoveryStateChangeUntilRnrComplete()Z|,||,||,||
|Lcom/android/bluetooth/flags/Flags;->btaDmDiscoverBoth()Z|,||,||,||
|Lcom/android/bluetooth/flags/Flags;->cancelPairingOnlyOnDisconnectedTransport()Z|,||,||,||
|Lcom/android/bluetooth/flags/Flags;->channelSounding()Z|,||,||,||
|Lcom/android/bluetooth/flags/Flags;->channelSoundingInStack()Z|,||,||,||
|Lcom/android/bluetooth/flags/Flags;->cleanupLeOnlyDeviceType()Z|,||,||,||
|Lcom/android/bluetooth/flags/Flags;->clearCollisionStateOnPairingComplete()Z|,||,||,||
|Lcom/android/bluetooth/flags/Flags;->continueServiceDiscoveryWhenCancelDeviceDiscovery()Z|,||,||,||
|Lcom/android/bluetooth/flags/Flags;->deviceIotConfigLogging()Z|,||,||,||
|Lcom/android/bluetooth/flags/Flags;->doNotReplaceExistingCodWithUncategorizedCod()Z|,||,||,||
|Lcom/android/bluetooth/flags/Flags;->dumpsysAcquireStackWhenExecuting()Z|,||,||,||
|Lcom/android/bluetooth/flags/Flags;->enableHapByDefault()Z|,||,||,||
|Lcom/android/bluetooth/flags/Flags;->enableSniffOffload()Z|,||,||,||
|Lcom/android/bluetooth/flags/Flags;->encryptedAdvertisingData()Z|,||,||,||
|Lcom/android/bluetooth/flags/Flags;->ensureValidAdvFlag()Z|,||,||,||
|Lcom/android/bluetooth/flags/Flags;->enumerateGattErrors()Z|,||,||,||
|Lcom/android/bluetooth/flags/Flags;->explicitKillFromSystemServer()Z|,||,||,||
|Lcom/android/bluetooth/flags/Flags;->fallbackWhenWiredAudioDisconnected()Z|,||,||,||
|Lcom/android/bluetooth/flags/Flags;->fastBindToApp()Z|,||,||,||
|Lcom/android/bluetooth/flags/Flags;->fixHfpQual19()Z|,||,||,||
|Lcom/android/bluetooth/flags/Flags;->fixLePairingPasskeyEntryBypass()Z|,||,||,||
|Lcom/android/bluetooth/flags/Flags;->fixNonconnectableScannableAdvertisement()Z|,||,||,||
|Lcom/android/bluetooth/flags/Flags;->flossSeparateHostPrivacyAndLlprivacy()Z|,||,||,||
|Lcom/android/bluetooth/flags/Flags;->gattCleanupRestrictedHandles()Z|,||,||,||
|Lcom/android/bluetooth/flags/Flags;->gattClientDynamicAllocation()Z|,||,||,||
|Lcom/android/bluetooth/flags/Flags;->gattDropAclOnOutOfResourcesFix()Z|,||,||,||
|Lcom/android/bluetooth/flags/Flags;->gattFixDeviceBusy()Z|,||,||,||
|Lcom/android/bluetooth/flags/Flags;->gattFixMultipleDirectConnect()Z|,||,||,||
|Lcom/android/bluetooth/flags/Flags;->gattReconnectOnBtOnFix()Z|,||,||,||
|Lcom/android/bluetooth/flags/Flags;->gattRediscoverOnCanceled()Z|,||,||,||
|Lcom/android/bluetooth/flags/Flags;->gdxDeviceDiscovery()Z|,||,||,||
|Lcom/android/bluetooth/flags/Flags;->gdxServiceDiscovery()Z|,||,||,||
|Lcom/android/bluetooth/flags/Flags;->getAddressTypeApi()Z|,||,||,||
|Lcom/android/bluetooth/flags/Flags;->guestModeBond()Z|,||,||,||
|Lcom/android/bluetooth/flags/Flags;->handleDeliverySendingFailureEvents()Z|,||,||,||
|Lcom/android/bluetooth/flags/Flags;->headsetClientAmHfVolumeSymmetric()Z|,||,||,||
|Lcom/android/bluetooth/flags/Flags;->headtrackerCodecCapability()Z|,||,||,||
|Lcom/android/bluetooth/flags/Flags;->headtrackerSduSize()Z|,||,||,||
|Lcom/android/bluetooth/flags/Flags;->hfpCodecAptxVoice()Z|,||,||,||
|Lcom/android/bluetooth/flags/Flags;->hidReportQueuing()Z|,||,||,||
|Lcom/android/bluetooth/flags/Flags;->higherL2capFlushThreshold()Z|,||,||,||
|Lcom/android/bluetooth/flags/Flags;->identityAddressNullIfUnknown()Z|,||,||,||
|Lcom/android/bluetooth/flags/Flags;->ignoreNotifyWhenAlreadyConnected()Z|,||,||,||
|Lcom/android/bluetooth/flags/Flags;->isScoManagedByAudio()Z|,||,||,||
|Lcom/android/bluetooth/flags/Flags;->keepHfpActiveDuringLeaudioHandover()Z|,||,||,||
|Lcom/android/bluetooth/flags/Flags;->keepStoppedMediaBrowserService()Z|,||,||,||
|Lcom/android/bluetooth/flags/Flags;->keyMissingAsOrderedBroadcast()Z|,||,||,||
|Lcom/android/bluetooth/flags/Flags;->keyMissingBroadcast()Z|,||,||,||
|Lcom/android/bluetooth/flags/Flags;->keyMissingClassicDevice()Z|,||,||,||
|Lcom/android/bluetooth/flags/Flags;->killInsteadOfExit()Z|,||,||,||
|Lcom/android/bluetooth/flags/Flags;->l2capLeDoNotAdjustMinInterval()Z|,||,||,||
|Lcom/android/bluetooth/flags/Flags;->l2capPCcbCheckRewrite()Z|,||,||,||
|Lcom/android/bluetooth/flags/Flags;->l2capTxCompleteCbInfo()Z|,||,||,||
|Lcom/android/bluetooth/flags/Flags;->l2capUpdateExistingConnIntervalWithBaseInterval()Z|,||,||,||
|Lcom/android/bluetooth/flags/Flags;->leAudioBaseEcosystemInterval()Z|,||,||,||
|Lcom/android/bluetooth/flags/Flags;->leAudioSupportUnidirectionalVoiceAssistant()Z|,||,||,||
|Lcom/android/bluetooth/flags/Flags;->lePeriodicScanningReassembler()Z|,||,||,||
|Lcom/android/bluetooth/flags/Flags;->leScanFixRemoteException()Z|,||,||,||
|Lcom/android/bluetooth/flags/Flags;->leScanUseAddressType()Z|,||,||,||
|Lcom/android/bluetooth/flags/Flags;->leScanUseUidForImportance()Z|,||,||,||
|Lcom/android/bluetooth/flags/Flags;->leaudioAddSamplingFrequencies()Z|,||,||,||
|Lcom/android/bluetooth/flags/Flags;->leaudioAllowLeaudioOnlyDevices()Z|,||,||,||
|Lcom/android/bluetooth/flags/Flags;->leaudioAllowedContextMask()Z|,||,||,||
|Lcom/android/bluetooth/flags/Flags;->leaudioBigDependsOnAudioState()Z|,||,||,||
|Lcom/android/bluetooth/flags/Flags;->leaudioBroadcastAssistantHandleCommandStatuses()Z|,||,||,||
|Lcom/android/bluetooth/flags/Flags;->leaudioBroadcastAssistantPeripheralEntrustment()Z|,||,||,||
|Lcom/android/bluetooth/flags/Flags;->leaudioBroadcastAudioHandoverPolicies()Z|,||,||,||
|Lcom/android/bluetooth/flags/Flags;->leaudioBroadcastDestroyAfterTimeout()Z|,||,||,||
|Lcom/android/bluetooth/flags/Flags;->leaudioBroadcastExtractPeriodicScannerFromStateMachine()Z|,||,||,||
|Lcom/android/bluetooth/flags/Flags;->leaudioBroadcastFeatureSupport()Z|,||,||,||
|Lcom/android/bluetooth/flags/Flags;->leaudioBroadcastMonitorSourceSyncStatus()Z|,||,||,||
|Lcom/android/bluetooth/flags/Flags;->leaudioBroadcastUpdateMetadataCallback()Z|,||,||,||
|Lcom/android/bluetooth/flags/Flags;->leaudioBroadcastVolumeControlForConnectedDevices()Z|,||,||,||
|Lcom/android/bluetooth/flags/Flags;->leaudioBroadcastVolumeControlWithSetVolume()Z|,||,||,||
|Lcom/android/bluetooth/flags/Flags;->leaudioCallStartScanDirectly()Z|,||,||,||
|Lcom/android/bluetooth/flags/Flags;->leaudioCallbackOnGroupStreamStatus()Z|,||,||,||
|Lcom/android/bluetooth/flags/Flags;->leaudioCodecConfigCallbackOrderFix()Z|,||,||,||
|Lcom/android/bluetooth/flags/Flags;->leaudioDynamicSpatialAudio()Z|,||,||,||
|Lcom/android/bluetooth/flags/Flags;->leaudioGettingActiveStateSupport()Z|,||,||,||
|Lcom/android/bluetooth/flags/Flags;->leaudioHalClientAsrc()Z|,||,||,||
|Lcom/android/bluetooth/flags/Flags;->leaudioMonoLocationErrata()Z|,||,||,||
|Lcom/android/bluetooth/flags/Flags;->leaudioMulticodecAidlSupport()Z|,||,||,||
|Lcom/android/bluetooth/flags/Flags;->leaudioMultipleVocsInstancesApi()Z|,||,||,||
|Lcom/android/bluetooth/flags/Flags;->leaudioNoContextValidateStreamingRequest()Z|,||,||,||
|Lcom/android/bluetooth/flags/Flags;->leaudioQuickLeaudioToggleSwitchFix()Z|,||,||,||
|Lcom/android/bluetooth/flags/Flags;->leaudioResumeActiveAfterHfpHandover()Z|,||,||,||
|Lcom/android/bluetooth/flags/Flags;->leaudioStartRequestStateMutexCheck()Z|,||,||,||
|Lcom/android/bluetooth/flags/Flags;->leaudioStartStreamRaceFix()Z|,||,||,||
|Lcom/android/bluetooth/flags/Flags;->leaudioSynchronizeStart()Z|,||,||,||
|Lcom/android/bluetooth/flags/Flags;->leaudioUseAudioModeListener()Z|,||,||,||
|Lcom/android/bluetooth/flags/Flags;->loadDidConfigFromSysprops()Z|,||,||,||
|Lcom/android/bluetooth/flags/Flags;->maintainCallIndexAfterConference()Z|,||,||,||
|Lcom/android/bluetooth/flags/Flags;->mapLimitNotification()Z|,||,||,||
|Lcom/android/bluetooth/flags/Flags;->mcpAllowPlayWithoutActivePlayer()Z|,||,||,||
|Lcom/android/bluetooth/flags/Flags;->metadataApiInactiveAudioDeviceUponConnection()Z|,||,||,||
|Lcom/android/bluetooth/flags/Flags;->msftAddrTrackingQuirk()Z|,||,||,||
|Lcom/android/bluetooth/flags/Flags;->nrpaNonConnectableAdv()Z|,||,||,||
|Lcom/android/bluetooth/flags/Flags;->oppFixMultipleNotificationsIssues()Z|,||,||,||
|Lcom/android/bluetooth/flags/Flags;->oppIgnoreContentObserverAfterServiceStop()Z|,||,||,||
|Lcom/android/bluetooth/flags/Flags;->oppStartActivityDirectlyFromNotification()Z|,||,||,||
|Lcom/android/bluetooth/flags/Flags;->overrideContextToSpecifyDeviceId()Z|,||,||,||
|Lcom/android/bluetooth/flags/Flags;->pairingNameDiscoveryAddresssMismatch()Z|,||,||,||
|Lcom/android/bluetooth/flags/Flags;->pairingOnUnknownTransport()Z|,||,||,||
|Lcom/android/bluetooth/flags/Flags;->phyToNative()Z|,||,||,||
|Lcom/android/bluetooth/flags/Flags;->pretendNetworkService()Z|,||,||,||
|Lcom/android/bluetooth/flags/Flags;->preventHogpReconnectWhenConnected()Z|,||,||,||
|Lcom/android/bluetooth/flags/Flags;->randomizeDeviceLevelMediaIds()Z|,||,||,||
|Lcom/android/bluetooth/flags/Flags;->readModelNumFix()Z|,||,||,||
|Lcom/android/bluetooth/flags/Flags;->removeAddressMapOnUnbond()Z|,||,||,||
|Lcom/android/bluetooth/flags/Flags;->resetAfterCollision()Z|,||,||,||
|Lcom/android/bluetooth/flags/Flags;->resetAgStateOnCollision()Z|,||,||,||
|Lcom/android/bluetooth/flags/Flags;->respectBleScanSetting()Z|,||,||,||
|Lcom/android/bluetooth/flags/Flags;->retryEscoWithZeroRetransmissionEffort()Z|,||,||,||
|Lcom/android/bluetooth/flags/Flags;->rfcommAlwaysUseMitm()Z|,||,||,||
|Lcom/android/bluetooth/flags/Flags;->rfcommBypassPostToMain()Z|,||,||,||
|Lcom/android/bluetooth/flags/Flags;->rfcommPreventUnnecessaryCollisions()Z|,||,||,||
|Lcom/android/bluetooth/flags/Flags;->rnrResetStateAtCancel()Z|,||,||,||
|Lcom/android/bluetooth/flags/Flags;->rnrStoreDeviceType()Z|,||,||,||
|Lcom/android/bluetooth/flags/Flags;->rnrValidatePageScanRepetitionMode()Z|,||,||,||
|Lcom/android/bluetooth/flags/Flags;->runBleAudioTicksInWorkerThread()Z|,||,||,||
|Lcom/android/bluetooth/flags/Flags;->runClockRecoveryInWorkerThread()Z|,||,||,||
|Lcom/android/bluetooth/flags/Flags;->saveInitialHidConnectionPolicy()Z|,||,||,||
|Lcom/android/bluetooth/flags/Flags;->scanManagerRefactor()Z|,||,||,||
|Lcom/android/bluetooth/flags/Flags;->scanRecordManufacturerDataMerge()Z|,||,||,||
|Lcom/android/bluetooth/flags/Flags;->secDontClearKeysOnEncryptionErr()Z|,||,||,||
|Lcom/android/bluetooth/flags/Flags;->separateServiceAndDeviceDiscovery()Z|,||,||,||
|Lcom/android/bluetooth/flags/Flags;->settingsCanControlHapPreset()Z|,||,||,||
|Lcom/android/bluetooth/flags/Flags;->sinkAudioPolicyHandover()Z|,||,||,||
|Lcom/android/bluetooth/flags/Flags;->skipUnknownRobustCaching()Z|,||,||,||
|Lcom/android/bluetooth/flags/Flags;->splitSecState()Z|,||,||,||
|Lcom/android/bluetooth/flags/Flags;->stackSdpDetectNilPropertyType()Z|,||,||,||
|Lcom/android/bluetooth/flags/Flags;->stackSdpDisconnectWhenCancelInPendingState()Z|,||,||,||
|Lcom/android/bluetooth/flags/Flags;->supportExclusiveManager()Z|,||,||,||
|Lcom/android/bluetooth/flags/Flags;->supportMetadataDeviceTypesApis()Z|,||,||,||
|Lcom/android/bluetooth/flags/Flags;->suppressHidRejectionBroadcast()Z|,||,||,||
|Lcom/android/bluetooth/flags/Flags;->synchronousBtaSec()Z|,||,||,||
|Lcom/android/bluetooth/flags/Flags;->systemServerMessenger()Z|,||,||,||
|Lcom/android/bluetooth/flags/Flags;->temporaryPairingDeviceProperties()Z|,||,||,||
|Lcom/android/bluetooth/flags/Flags;->uncachePlayerWhenBrowsedPlayerChanges()Z|,||,||,||
|Lcom/android/bluetooth/flags/Flags;->unifiedConnectionManager()Z|,||,||,||
|Lcom/android/bluetooth/flags/Flags;->unixFileSocketCreationFailure()Z|,||,||,||
|Lcom/android/bluetooth/flags/Flags;->updateInquiryResultOnFlagChange()Z|,||,||,||
|Lcom/android/bluetooth/flags/Flags;->useEntireMessageHandle()Z|,||,||,||
|Lcom/android/bluetooth/flags/Flags;->useLeShimConnectionMapGuard()Z|,||,||,||
|Lcom/android/bluetooth/flags/Flags;->useLocalOobExtendedCommand()Z|,||,||,||
|Lcom/android/bluetooth/flags/Flags;->vcpMuteUnmute()Z|,||,||,||
